ProfitCentre,CostCentre,ShortDescription,LongDescription
P100000001,C100000001,Corp-Admin.-Default,Corp-Admin.-Default
P100000002,C100000002,HVAC Brand- BS Only,HVAC Brand- Balance Sheet Only
P100000003,C100000003,Rental HWT - BS Only,Rental  HWT - Bal Sheet Only
P141000001,C141000001,Trusteeco,Trusteeco
P142000001,C142000001,Benco,Benco
P143000001,C143000001,GP Trust,GP Trust
P110000001,C110000001,Reliance LP,Reliance LP
P115000001,C115000001,NEC,NEC (National Energy Corp)
P180000001,C180000001,Reliance US Hld I,Reliance US Holdings I
P200000001,C200000001,Reliance US Hld II,Reliance US Holdings II
P120000001,C120000001,Reliance Itdt Hld LP,Reliance Intermdt Hold LP
P130000001,C130000001,Reliance Holdings LP,Reliance Holdings LP
P190000001,C190000001,Canco,Canco
P100000004,C100000004,Nat'l/RCLP,Nat'l/RCLP
P100000005,C100000005,Nat'l/RCLP Serv Cost,Nat'l/RCLP Service Cost
P100000006,C100000006,Nat'l/RCLP WH Rental,Nat'l/RCLP WH Rental
P100000007,C100000007,Ntl/RCLP WH Rtl Cost,Nat'l/RCLP WH Rental Cost
P100000008,C100000008,NEC - interco,NEC - interco
P129900001,C129900001,R Inter Hld LP Consl,R Inter Hldngs LP Consolidatin
P119900001,C119900001,Reliance LP Elim,Reliance LP Elim
P139900001,C139900001,R Holding LP Consl,R Holding LP Consolidatin
P199900001,C199900001,Canco Elim,Canco Elim
P100000009,C100000009,US - Acquisition,US - Acquisition
P100000010,C100000010,Corp-Admin.-HR,Corp-Admin.-Human Resources
P100000011,C100000011,New 8,New 8
P100000012,C100000012,New 9,New 9
P100000013,C100000013,New 10,New 10
P100000014,C100000014,New 11,New 11
P100000015,C100000015,New 12,New 12
P100000016,C100000016,New 13,New 13
P100000017,C100000017,New 14,New 14
P100000018,C100000018,New 15,New 15
P100000019,C100000019,New 16,New 16
P100000020,C100000020,New 17,New 17
P100000800,C100000800,Acquisition East,Acquisition East
P100000801,C100000801,Acquisition West,Acquisition West
P100000802,C100000802,Acquisition Central,Acquisition Central
P135000001,C135000001,3218431 Nova Scotia,3218431 Nova Scotia Limited
P140000001,C140000001,3218430 Nova Scotia,3218430 Nova Scotia Limited
P144000001,C144000001,3219829 Nova Scotia,3219829 Nova Scotia Limited
P145000001,C145000001,4211782 Canada Inc.,4211782 Canada Inc.
P219900001,C219900001,Reliance US  Elim,Reliance US  Elimination
P220000001,C220000001,Newco 1,Newco 1
P230000001,C230000001,Newco 2,Newco 2
P100005000,C100005000,Work Force planning,Work Force planning
P100005001,C100005001,SUPPLY CHAIN,SUPPLY CHAIN
P100005002,C100005002,OPERATIONS SUPPORT,OPERATIONS SUPPORT
P100005003,C100005003,Health and Safety,Health and Safety
P100005004,C100005004,Ops Project Team,Operations Project Team
P100005005,C100005005,Customer Accounting,Customer Accounting
P100005006,C100005006,OSH:Call Ctr Prj Sup,OSH:Call Ctr Proj Support
P100005007,C100005007,OSHAWA:ADMIN,OSHAWA:ADMIN
P100005008,C100005008,OSH: Call Handling,OSH: Call Handling
P100005009,C100005009,OSH:DATA ENT,OSH:DATA ENT
P100005010,C100005010,OSH:CC TelusIntlPhil,OSH:Call Ctr Telus Int'l Phil
P100005011,C100005011,OSH: UE FINANCIAL,OSH: UE FINANCIAL
P100005012,C100005012,OSH: ARISE,OSH: ARISE
P100005013,C100005013,Call Centre Support,Call Centre Support
P100005014,C100005014,Burlington Cntl Adm,Burlington Central Admin
P100005015,C100005015,B2B Sales Support,B2B Sales Support
P100005016,C100005016,Retention Adm,Retention Adm
P100005017,C100005017,Property Management,Property Management
P100005018,C100005018,Dealer,Dealer
P100005019,C100005019,Comm Call Center,Commercial Call Center
P100005020,C100005020,Builder Sales,Builder Sales
P100005021,C100005021,Office of the Pres,Office of the President
P100005022,C100005022,Customer Experience,Customer Experience
P100005023,C100005023,Corp Marketing,Corp Marketing
P100005024,C100005024,Sales Effectiveness,Sales Effectiveness
P100005025,C100005025,TCPP,TCPP
P100005026,C100005026,CPP Telemarketing,CPP Telemarketing
P100005027,C100005027,Rental- HVAC Tele,Rental- HVAC Telemarketing
P100005028,C100005028,FINANCE PRGM,FINANCE PRGM
P100005029,C100005029,Cambridge Admin,Cambridge Central Admin
P100005030,C100005030,Corp Legal Admin,Corporate Legal Admin
P100005031,C100005031,Controller's Group,Controller's Group
P100005032,C100005032,Corporate Finance,Corporate Finance
P100005033,C100005033,Fin Plan&Analysis,Financial Planning & Analysis
P100005034,C100005034,HUMAN RESOURCES,HUMAN RESOURCES
P100005035,C100005035,HR SEVERENCE,HR SEVERENCE
P100005036,C100005036,Credit & Collection,Credit & Collection
P100005037,C100005037,Collection: EGD,Collection: EGD
P100005038,C100005038,Collection: Admin,Collection: Admin
P100005039,C100005039,Banner Replacement,Banner Replacement
P100005040,C100005040,CEO,CEO
P100005041,C100005041,Corp: CIO Office,Corp: CIO Office
P100005042,C100005042,IT: Applications,IT: Applications
P100005043,C100005043,IT: Databases,IT: Databases
P100005044,C100005044,IT: Projects,IT: Projects
P100005045,C100005045,IT: Infrastructure,IT: Infrastructure
P100005046,C100005046,Central Services RZE,Central Services RZE
P100005047,C100005047,Corporate Sales,Corporate Sales
P100005048,C100005048,SAP - Project Edison,SAP - Project Edison
P100005049,C100005049,Marketing Cost,Marketing Cost
P100005050,C100005050,CEO SPECIAL PROJECTS,CEO SPECIAL PROJECTS
P100005051,C100005051,Cybersecurity Dept,Cybersecurity Department
P100005052,C100005052,CustAcct - Cr Cards,Customer Accounting - Credit Cards
P100008000,C100008000,EAST CC GM,EAST CC GM
P100008001,C100008001,WEST CC GM,WEST CC GM
P100008002,C100008002,Cent Cda Regional CC,Central Canada Regional CC
P210009000,C210009000,"RH&A, LLC","RH&A, LLC"
P210009001,C210009001,RH&A ELECCOD CTA,RH&A - Res Elec COD - Sales
P210009002,C210009002,RH&A ELECCOD CTS,RH&A - Res Elec COD -Ops
P210009003,C210009003,RH&A RESGUARD CTA,RH&A - Res Comfort Guard - Sales
P210009004,C210009004,RH&A RESGUARD CTS,RH&A - Res Comfort Guard - Ops
P210009005,C210009005,RH&A RBP CTA,RH&A - Res Building Performance - Sales
P210009006,C210009006,RH&A RBP CTS,RH&A - Res Building Performance - Ops
P210009007,C210009007,RH&A DUCT CTA,RH&A - Res Duct Cleaning - Sales
P210009008,C210009008,RH&A DUCT CTS,RH&A - Res Duct Cleaning - Ops
P210009009,C210009009,RH&A WHSALES CTS,RH&A - Res WH Sales - Ops
P210009010,C210009010,RH&A HVACCOD CTA,RH&A - Res HVAC COD - Sales
P210009011,C210009011,RH&A HVACCOD CTS,RH&A - Res HVAC COD - Ops
P210009012,C210009012,RH&A RWH CTA,RH&A - Res Residential WH - RMR
P210009013,C210009013,RH&A RWH CTS,RH&A - Res Residential WH - Ops
P210009014,C210009014,RH&A HVACCPP CTA,RH&A - Res Residential HVAC CPP - RMR
P210009015,C210009015,RH&A HVACCPP CTS,RH&A - Res Residential HVAC CPP - Ops
P210009016,C210009016,RH&A RHVAC CTA,RH&A - Res Residential Rental HVAC - RMR
P210009017,C210009017,RH&A RHVAC CTS,RH&A - Res Residential Rental HVAC - Ops
P210009018,C210009018,RH&A EW CTS,RH&A - In-House Ext.Warr - Ops
P210009019,C210009019,RH&A HVACSALE CTA,RH&A - Residential HVAC Sales - Sales
P210009020,C210009020,RH&A HVACSALE CTS,RH&A - Residential  HVAC Sales - Ops
P210009021,C210009021,RH&A EWH CTA,RH&A - Res Electric WH - RMR
P210009022,C210009022,RH&A RHVACINSTEXP,RH&A - RHVAC Install Expense
P210009023,C210009023,RH&A MO CTA,RH&A - Maint Contracts Sales
P210009024,C210009024,RH&A MO CTS,RH&A - Maint Contracts Ops
P210009025,C210009025,RH&A COMELCOD CTA,RH&A - Comm Elec COD - Sales
P210009026,C210009026,RH&A COMELCOD CTS,RH&A - Comm Elec COD Ops
P210009027,C210009027,RH&A COM HVACCOD CTA,RH&A - Comm HVAC COD - Sales
P210009028,C210009028,RH&A COM HVACCOD CTS,RH&A - Comm HVAC COD Ops
P210009029,C210009029,RH&A COM CPP CTA,RH&A - Comm CPP RMR
P210009030,C210009030,RH&A COM CPP CTS,RH&A - Comm CPP Ops
P210009031,C210009031,RH&A COMHVACSALE CTA,RH&A - Comm HVAC Sales
P210009032,C210009032,RH&A COMHVACSALE CTS,RH&A - Comm HVAC Sales Ops
P210009033,C210009033,RH&A COM MO CTA,RH&A - Comm Maint Contracts Sales
P210009034,C210009034,RH&A COM MO CTS,RH&A - Comm Maint Contracts Ops
P210009035,C210009035,RH&A PLCOD CTA,RH&A - Res Plumb COD Sales
P210009036,C210009036,RH&A PLCOD CTS,RH&A - Res Plumb COD Ops
P210009038,C210009038,RH&A COM PLCOD CTA,RH&A - Comm Plumbing COD - Sales
P210009039,C210009039,RH&A COM PLCOD CTS,RH&A - Comm Plumbing COD - Ops
P210009040,C210009040,RH&A COM MO CTS,RH&A Comm Maint Prot - Ops
P210009041,C210009041,RH&A COM MO CTA,RH&A Comm Maint Prot - Sales
P210009042,C210009042,RH&A COM RHVAC CTS,RH&A - Comm RHVAC OPS
P210009043,C210009043,RH&A COM RHVAC CTA,RH&A - Comm RHVAC RMR
P210009044,C210009044,RH&A COM WHSALE CTA,RH&A - Comm WH Sales
P210009045,C210009045,RH&A COM WHSALE CTS,RH&A - Comm WH Sales Ops
P210009046,C210009046,RH&A COM WPSALE CTS,RH&A - Comm WP Sales - Ops
P210009047,C210009047,RH&A COM WPSALE CTA,RH&A - Comm WP Sales - Sales
P210009048,C210009048,RH&A COM PROJ CTS,RH&A - Commercial Projects - Ops
P210009049,C210009049,RH&A COM PROJ CTA,RH&A Comm Projects - Sales
P210009050,C210009050,RH&A DWHR CAP,RH&A - DWHR - Cap
P210009051,C210009051,RH&A RSPEC CAP,RH&A Rent Special Cap
P210009052,C210009052,RH&A EWH CTS,RH&A - Electric WH Ops     
P210009053,C210009053,RH&A EWH CAP,RH&A - EWH - Cap
P210009054,C210009054,RH&A GEOTERM CTS,RH&A - Geothermal - Ops
P210009055,C210009055,RH&A GEOTHERM CTA,RH&A - Geothermal - Sales
P210009056,C210009056,RH&A CPPSALE CTS,RH&A - Hem.-R-Ser-HPP - Ops
P210009057,C210009057,RH&A CPPSALE CTA,RH&A - Hem.-R-Ser-HPP - Sales
P210009058,C210009058,RH&A EW CTA,RH&A - In-House Ext.Warr - Sales
P210009059,C210009059,RH&A RNC CTS,RH&A - New Home Const - Ops
P210009060,C210009060,RH&A RNC CTA,RH&A - New Home Const - Sales
P210009061,C210009061,RH&A PLRNC CTS,RH&A - Plumbing New Const- Ops
P210009062,C210009062,RH&A PLRNC CTA,RH&A - Plumbing New Const- Sales
P210009063,C210009063,RH&A COMM CAP,RH&A - R-Comm-Cap Costs
P210009064,C210009064,RH&A RELEXP CTS,RH&A - Reliance Express - Ops
P210009065,C210009065,RH&A RELEXP CTA,RH&A - Reliance Express - RMR
P210009066,C210009066,RH&A AH CAP,RH&A - Rent Air Handler - Cap
P210009067,C210009067,RH&A RWH CAP,RH&A - Rent WH Capital Install Cost
P210009068,C210009068,RH&A RFURN CAP,RH&A - Rent Furnace Cap Costs
P210009069,C210009069,RH&A COMM CTS,RH&A - Rental Commercial - Ops
P210009070,C210009070,RH&A COMM CTA,RH&A - Rental Commercial - RMR
P210009071,C210009071,RH&A ELECCPP CTS,RH&A - Res Electric CPP - Ops
P210009072,C210009072,RH&A ELECCPP CTA,RH&A - Res Electric CPP - RMR
P210009073,C210009073,RH&A HVACSALE OH,RH&A - Res Residential HVAC Sales - OH
P210009074,C210009074,RH&A PLCPP CTS,RH&A - Res Plumb CPP Ops
P210009075,C210009075,RH&A PLCPP CTA,RH&A - Res Plumb CPP RMR
P210009076,C210009076,RH&A RWH OH,RH&A - Res Residential WH - OH
P210009077,C210009077,RH&A WHSALES CTA,RH&A - Res WH Sales - Sales
P210009078,C210009078,RH&A COMMRHVAC CAP,RH&A - RHVAC-Comm-Cap Costs
P210009079,C210009079,RH&A WS CAP,RH&A - RW Softener Cap Insta
P210009080,C210009080,RH&A SH CAP,RH&A - SH - Cap
P210009081,C210009081,RH&A SHCOD CTS,RH&A - SH COD - Ops
P210009082,C210009082,RH&A SHCOD CTA,RH&A - SH COD - Sales
P210009083,C210009083,RH&A SHCPP CTS,RH&A - SH CPP - Ops
P210009084,C210009084,RH&A SHCPP CTA,RH&A - SH CPP - Sales
P210009085,C210009085,RH&A RENTSH CTS,RH&A - SH Rental Service - Ops
P210009086,C210009086,RH&A RENTSH CTA,RH&A - SH Rental Service - RMR
P210009087,C210009087,RH&A SHSALE CTS,RH&A - SH Sales - Ops
P210009088,C210009088,RH&A SHSALE CTA,RH&A - SH Sales - Sales
P210009089,C210009089,RH&A TANKLESS CAP,RH&A - Tankless Waterheaters
P210009090,C210009090,RH&A VRPL CTS,RH&A - Vent Replacement - Ops
P210009091,C210009091,RH&A VRPL CTA,RH&A - Vent Replacement - Sales
P210009092,C210009092,RH&A WP CTA,RH&A Res Water Pur Rental - RMR
P210009093,C210009093,RH&A WPSALES CTS,RH&A Res Water Pur Sales - Ops
P210009094,C210009094,RH&A WPSALES CTA,RH&A Res Water Pur Sales - Sales
P210009095,C210009095,RH&A WP CTS,RH&A Res Water Pur Rental - Ops
P100010000,C100010000,HAM FSM AR / OH,Hamilton - FSM AR / OH only
P100010001,C100010001,HAM ELECCOD CTA,Hamilton - Res Elec COD - Sales
P100010002,C100010002,HAM ELECCOD CTS,Hamilton - Res Elec COD -Ops
P100010003,C100010003,HAM WPSALES CTA,Hamilton Res Water Pur Sales - Sales
P100010004,C100010004,HAM WPSALES CTS,Hamilton Res Water Pur Sales - Ops
P100010005,C100010005,HAM WP CTA,Hamilton Res Water Pur Rental - RMR
P100010006,C100010006,HAM WP CTS,Hamilton Res Water Pur Rental - Ops
P100010007,C100010007,HAM WHSALES CTA,Hamilton - Res WH Sales - Sales
P100010008,C100010008,HAM WHSALES CTS,Hamilton - Res WH Sales - Ops
P100010009,C100010009,HAM HVACCOD CTA,Hamilton - HVAC COD - Sales
P100010010,C100010010,HAM HVACCOD CTS,Hamilton - HVAC COD - Ops
P100010011,C100010011,HAM VRPL CTA,Hamilton - Vent Replacement - Sales
P100010012,C100010012,HAM VRPL CTS,Hamilton - Vent Replacement - Ops
P100010013,C100010013,HAM FSM WH,Hamilton - FSM WH inventory only
P100010014,C100010014,HAM RWH CTA,Hamilton - Residential WH - RMR
P100010015,C100010015,HAM RWH CTS,Hamilton - Residential WH - Ops
P100010016,C100010016,HAM HVACCPP CTA,Hamilton - Residential HVAC CPP - RMR
P100010017,C100010017,HAM HVACCPP CTS,Hamilton - Residential HVAC CPP - Ops
P100010018,C100010018,HAM RHVAC CTA,Hamilton - Residential Rental HVAC - RMR
P100010019,C100010019,HAM RHVAC CTS,Hamilton - Residential Rental HVAC - Ops
P100010020,C100010020,HAM EW CTS,Hamilton - In-House Ext.Warr - Ops
P100010021,C100010021,HAM FSM HVAC,Hamilton - FSM HVAC inventory only
P100010022,C100010022,HAM HVACSALE CTA,Hamilton - Res HVAC Sales - Sales
P100010023,C100010023,HAM HVACSALE CTS,Hamilton - Residential HVAC Sales - Ops
P100010024,C100010024,HAM RWH CAP,Hamilton - Rent WH Capital Install Cost
P100010025,C100010025,HAM RFURN CAP,Hamilton - Rent Furnace Cap Costs
P100010026,C100010026,HAM TANKLESS CAP,Hamilton - Tankless Waterheaters
P100010027,C100010027,HAM WS CAP,Hamilton - RW Softener Cap Insta
P100010028,C100010028,HAM ELECCPP CTA,Hamilton - Res Electric CPP - RMR
P100010029,C100010029,HAM ELECCPP CTS,Hamilton - Res Electric CPP - Ops
P100010030,C100010030,HAM EWH CTA,Hamilton - Electric WH - RMR
P100010031,C100010031,HAM EWH CTS,Hamilton - Electric WH Ops     
P100010032,C100010032,HAM RHVACINSTEXP,Hamilton - RHVAC Install Expense
P100010033,C100010033,HAM RENTSH CTA,Hamilton - SH Rental Service - RMR
P100010034,C100010034,HAM COM WHSALE CTS,Hamilton - Comm WH Sales Ops
P100010035,C100010035,HAM COM HVACCOD CTS,Hamilton - Comm HVAC COD Ops
P100010036,C100010036,HAM COMM CTA,Hamilton - Rental Commercial - RMR
P100010037,C100010037,HAM COMM CTS,Hamilton - Rental Commercial - Ops
P100010038,C100010038,HAM COM MO CTS,Hamilton Comm Maint Prot - Ops
P100010039,C100010039,HAM COM CPP CTA,Hamilton - Comm CPP RMR
P100010040,C100010040,HAM COM RHVAC CTA,Hamilton - Comm RHVAC RMR
P100010041,C100010041,HAM COM RHVAC CTS,Hamilton - Comm RHVAC OPS
P100010042,C100010042,HAM COMHVACSALE CTA,Hamilton - Comm HVAC Sales
P100010043,C100010043,HAM COMHVACSALE CTS,Hamilton - Comm HVAC Sales Ops
P100010044,C100010044,HAM COMM CAP,Hamilton - R-Comm-Cap Costs
P100010045,C100010045,HAM PLCOD CTA,Hamilton - Res Plumb COD Sales
P100010046,C100010046,HAM PLCOD CTS,Hamilton - Res Plumb COD Ops
P100010047,C100010047,HAM PLCPP CTA,Hamilton - Res Plumb CPP RMR
P100010048,C100010048,HAM PLCPP CTS,Hamilton - Res Plumb CPP Ops
P100010049,C100010049,HAM RELEXP CTA,Hamilton - Reliance Express - RMR
P100010050,C100010050,HAM RELEXP CTS,Hamilton - Reliance Express - Ops
P100010051,C100010051,HAM RNC CTS,Hamilton - New Home Const - Ops
P100010052,C100010052,HAM GEOTHERM CTA,Hamilton - Geothermal - Sales
P100010053,C100010053,HAM GEOTERM CTS,Hamilton - Geothermal - Ops
P100010054,C100010054,HAM EWH CAP,Hamilton - EWH - Cap
P100010055,C100010055,HAM SH CAP,Hamilton - SH - Cap
P100010056,C100010056,HAM SHCOD CTA,Hamilton - SH COD - Sales
P100010057,C100010057,HAM SHCOD CTS,Hamilton - SH COD - Ops
P100010058,C100010058,HAM SHSALE CTA,Hamilton - SH Sales - Sales
P100010059,C100010059,HAM SHSALE CTS,Hamilton - SH Sales - Ops
P100010060,C100010060,HAM SHCPP CTA,Hamilton - SH CPP - Sales
P100010061,C100010061,HAM SHCPP CTS,Hamilton - SH CPP - Ops
P100010062,C100010062,HAM RENTSH CTS,Hamilton - SH Rental Service - Ops
P100010063,C100010063,HAM COM WPSALE CTA,Hamilton - Comm WP Sales - Sales
P100010064,C100010064,HAM COM WPSALE CTS,Hamilton - Comm WP Sales - Ops
P100010065,C100010065,HAM COM WHSALE CTA,Hamilton - Comm WH Sales
P100010066,C100010066,HAM COM HVACCOD CTA,Hamilton - Comm HVAC COD Sales
P100010067,C100010067,HAM COM MO CTA,Hamilton Comm Maint Prot - Sales
P100010068,C100010068,HAM COM CPP CTS,Hamilton - Comm CPP Ops
P100010069,C100010069,HAM COM PROJ CTA,Hamilton Comm Projects - Sales
P100010070,C100010070,HAM COM PROJ CTS,Hamilton - Commercial Projects - Ops
P100010071,C100010071,HAM COMMRHVAC CAP,Hamilton - RHVAC-Comm-Cap Costs
P100010072,C100010072,HAM PLRNC CTA,Hamilton - Plumbing New Const- Sales
P100010073,C100010073,HAM PLRNC CTS,Hamilton - Plumbing New Const- Ops
P100010074,C100010074,HAM CPPSALE CTA,Hamilton - Hem.-R-Ser-HPP - Sales
P100010075,C100010075,HAM AH CAP,Hamilton - Rent Air Handler - Cap
P100010076,C100010076,HAM DWHR CAP,Hamilton - DWHR - Cap
P100010077,C100010077,HAM RSPEC CAP,Hamilton Rent Special Cap
P100010079,C100010079,HAM COM PLCOD CTA,Hamilton - Comm Plumbing COD Sales
P100010080,C100010080,HAM COM PLCOD CTS,Hamilton - Comm Plumbing COD Ops
P100010081,C100010081,HAM CPPSALE CTS,Hamilton - Hem.-R-Ser-HPP - Ops
P100010082,C100010082,HAM EW CTA,Hamilton - In-House Ext.Warr - Sales
P100010083,C100010083,HAM RNC CTA,Hamilton - New Home Const - Sales
P100011000,C100011000,HAL FSM AR / OH,Halton - FSM AR / OH only
P100011001,C100011001,HAL ELECCOD CTA,Halton - Res Elec COD - Sales
P100011002,C100011002,HAL ELECCOD CTS,Halton - Res Elec COD -Ops
P100011003,C100011003,HAL WPSALES CTS,Halton Res Water Pur Sales - Ops
P100011004,C100011004,HAL WP CTA,Halton Res Water Pur Rental - RMR
P100011005,C100011005,HAL WP CTS,Halton Res Water Pur Rental - Ops
P100011006,C100011006,HAL WHSALES CTS,Halton - Res WH Sales - Ops
P100011007,C100011007,HAL HVACCOD CTA,Halton - HVAC COD - Sales
P100011008,C100011008,HAL HVACCOD CTS,Halton - HVAC COD - Ops
P100011009,C100011009,HAL VRPL CTA,Halton - Vent Replacement - Sales
P100011010,C100011010,HAL VRPL CTS,Halton - Vent Replacement - Ops
P100011011,C100011011,HAL FSM WH,Halton - FSM WH inventory only
P100011012,C100011012,HAL RWH CTA,Halton - Residential WH - RMR
P100011013,C100011013,HAL RWH CTS,Halton - Residential WH - Ops
P100011014,C100011014,HAL HVACCPP CTA,Halton - Residential HVAC CPP - RMR
P100011015,C100011015,HAL HVACCPP CTS,Halton - Residential HVAC CPP - Ops
P100011016,C100011016,HAL RHVAC CTA,Halton - Residential Rental HVAC - RMR
P100011017,C100011017,HAL RHVAC CTS,Halton - Residential Rental HVAC - Ops
P100011018,C100011018,HAL EW CTS,Halton - In-House Ext.Warr - Ops
P100011019,C100011019,HAL FSM HVAC,Halton - FSM HVAC inventory only
P100011020,C100011020,HAL HVACSALE CTA,Halton - Residential HVAC Sales - Sales
P100011021,C100011021,HAL HVACSALE CTS,Halton - Residential HVAC Sales - Ops
P100011022,C100011022,HAL RFURN CAP,Halton - Rent Furnace Cap Costs
P100011023,C100011023,HAL TANKLESS CAP,Halton - Tankless Waterheaters
P100011024,C100011024,HAL ELECCPP CTA,Halton - Res Electric CPP - RMR
P100011025,C100011025,HAL ELECCPP CTS,Halton - Res Electric CPP - Ops
P100011026,C100011026,HAL EWH CTA,Halton - Electric WH - RMR
P100011027,C100011027,HAL EWH CTS,Halton - Electric WH Ops     
P100011028,C100011028,HAL RHVACINSTEXP,Halton - RHVAC Install Expense
P100011029,C100011029,HAL SHCOD CTS,Halton - SH COD - Ops
P100011030,C100011030,HAL SHSALE CTS,Halton - SH Sales - Ops
P100011031,C100011031,HAL RENTSH CTA,Halton - SH Rental Service - RMR
P100011032,C100011032,HAL COM WHSALE CTS,Halton - Comm WH Sales Ops
P100011033,C100011033,HAL COM HVACCOD CTS,Halton - Comm HVAC COD Ops
P100011034,C100011034,HAL COMM CTA,Halton - Rental Commercial - RMR
P100011035,C100011035,HAL COMM CTS,Halton - Rental Commercial - Ops
P100011036,C100011036,HAL COM MO CTS,Halton Comm Maint Prot - Ops
P100011037,C100011037,HAL COM CPP CTA,Halton - Comm CPP RMR
P100011038,C100011038,HAL COM RHVAC CTA,Halton - Comm RHVAC RMR
P100011039,C100011039,HAL COM RHVAC CTS,Halton - Comm RHVAC OPS
P100011040,C100011040,HAL COMHVACSALE CTS,Halton - Comm HVAC Sales Ops
P100011041,C100011041,HAL PLCOD CTA,Halton - Res Plumb COD Sales
P100011042,C100011042,HAL PLCOD CTS,Halton - Res Plumb COD Ops
P100011043,C100011043,HAL PLCPP CTA,Halton - Res Plumb CPP RMR
P100011044,C100011044,HAL PLCPP CTS,Halton - Res Plumb CPP Ops
P100011045,C100011045,HAL RELEXP CTA,Halton - Reliance Express - RMR
P100011046,C100011046,HAL WPSALES CTA,Halton Res Water Pur Sales - Sales
P100011047,C100011047,HAL WHSALES CTA,Halton - Res WH Sales - Sales
P100011048,C100011048,HAL RNC CTS,Halton - New Home Const - Ops
P100011049,C100011049,HAL GEOTHERM CTA,Halton - Geothermal - Sales
P100011050,C100011050,HAL GEOTERM CTS,Halton - Geothermal - Ops
P100011051,C100011051,HAL RWH CAP,Halton - Rent WH Capital Install Cost
P100011052,C100011052,HAL EWH CAP,Halton - EWH - Cap
P100011053,C100011053,HAL WS CAP,Halton - RW Softener Cap Insta
P100011054,C100011054,HAL SH CAP,Halton - SH - Cap
P100011055,C100011055,HAL SHCOD CTA,Halton - SH COD - Sales
P100011056,C100011056,HAL SHSALE CTA,Halton - SH Sales - Sales
P100011057,C100011057,HAL SHCPP CTA,Halton - SH CPP - Sales
P100011058,C100011058,HAL SHCPP CTS,Halton - SH CPP - Ops
P100011059,C100011059,HAL RENTSH CTS,Halton - SH Rental Service - Ops
P100011060,C100011060,HAL COM WPSALE CTA,Halton - Comm WP Sales - Sales
P100011061,C100011061,HAL COM WPSALE CTS,Halton - Comm WP Sales - Ops
P100011062,C100011062,HAL COM WHSALE CTA,Halton - Comm WH Sales
P100011063,C100011063,HAL COM HVACCOD CTA,Halton - Comm HVAC COD Sales
P100011064,C100011064,HAL COM MO CTA,Halton Comm Maint Prot - Sales
P100011065,C100011065,HAL COM CPP CTS,Halton - Comm CPP Ops
P100011066,C100011066,HAL COMHVACSALE CTA,Halton - Comm HVAC Sales
P100011067,C100011067,HAL COM PROJ CTA,Halton Comm Projects - Sales
P100011068,C100011068,HAL COM PROJ CTS,Halton - Commercial Projects - Ops
P100011069,C100011069,HAL COMM CAP,Halton - R-Comm-Cap Costs
P100011070,C100011070,HAL COMMRHVAC CAP,Halton - RHVAC-Comm-Cap Costs
P100011071,C100011071,HAL PLRNC CTA,Halton - Plumbing New Const- Sales
P100011072,C100011072,HAL PLRNC CTS,Halton - Plumbing New Const- Ops
P100011073,C100011073,HAL AH CAP,Halton - Rent Air Handler - Cap
P100011075,C100011075,HAL COM PLCOD CTA,Halton - Comm Plumbing COD Sales
P100011076,C100011076,HAL COM PLCOD CTS,Halton - Comm Plumbing COD Ops
P100011077,C100011077,HAL DWHR CAP,Halton - DWHR - Cap
P100011078,C100011078,HAL RSPEC CAP,Halton Rent Special Cap
P100011079,C100011079,HAL CPPSALE CTS,Halton - Hem.-R-Ser-HPP - Ops
P100011080,C100011080,HAL CPPSALE CTA,Halton - Hem.-R-Ser-HPP - Sales
P100011081,C100011081,HAL EW CTA,Halton - In-House Ext.Warr - Sales
P100011082,C100011082,HAL RNC CTA,Halton - New Home Const - Sales
P100011083,C100011083,HAL RELEXP CTS,Halton - Reliance Express - Ops
P100012000,C100012000,NIA FSM AR / OH,Niagara - FSM AR / OH only
P100012001,C100012001,NIA ELECCOD CTA,Niagara - Res Elec COD - Sales
P100012002,C100012002,NIA ELECCOD CTS,Niagara - Res Elec COD -Ops
P100012003,C100012003,NIA WPSALES CTS,Niagara Res Water Pur Sales - Ops
P100012004,C100012004,NIA WP CTA,Niagara Res Water Pur Rental - RMR
P100012005,C100012005,NIA WP CTS,Niagara Res Water Pur Rental - Ops
P100012006,C100012006,NIA HVACCOD CTA,Niagara - HVAC COD - Sales
P100012007,C100012007,NIA HVACCOD CTS,Niagara - HVAC COD - Ops
P100012008,C100012008,NIA VRPL CTS,Niagara - Vent Replacement - Ops
P100012009,C100012009,NIA FSM WH,Niagara - FSM WH inventory only
P100012010,C100012010,NIA RWH CTA,Niagara - Residential WH - RMR
P100012011,C100012011,NIA RWH CTS,Niagara - Residential WH - Ops
P100012012,C100012012,NIA HVACCPP CTA,Niagara - Residential HVAC CPP - RMR
P100012013,C100012013,NIA HVACCPP CTS,Niagara - Residential HVAC CPP - Ops
P100012014,C100012014,NIA RHVAC CTA,Niagara - Residential Rental HVAC - RMR
P100012015,C100012015,NIA RHVAC CTS,Niagara - Residential Rental HVAC - Ops
P100012016,C100012016,NIA EW CTS,Niagara - In-House Ext.Warr - Ops
P100012017,C100012017,NIA FSM HVAC,Niagara - FSM HVAC inventory only
P100012018,C100012018,NIA HVACSALE CTA,Niagara - Residential HVAC Sales - Sales
P100012019,C100012019,NIA HVACSALE CTS,Niagara - Residential HVAC Sales - Ops
P100012020,C100012020,NIA TANKLESS CAP,Niagara - Tankless Waterheaters
P100012021,C100012021,NIA ELECCPP CTA,Niagara - Res Electric CPP - RMR
P100012022,C100012022,NIA ELECCPP CTS,Niagara - Res Electric CPP - Ops
P100012023,C100012023,NIA EWH CTA,Niagara - Electric WH - RMR
P100012024,C100012024,NIA EWH CTS,Niagara - Electric WH Ops     
P100012025,C100012025,NIA RHVACINSTEXP,Niagara - RHVAC Install Expense
P100012026,C100012026,NIA COM HVACCOD CTS,Niagara - Comm HVAC COD Ops
P100012027,C100012027,NIA COMM CTA,Niagara - Rental Commercial - RMR
P100012028,C100012028,NIA COMM CTS,Niagara - Rental Commercial - Ops
P100012029,C100012029,NIA COM MO CTS,Niagara Comm Maint Prot - Ops
P100012030,C100012030,NIA COM CPP CTA,Niagara - Comm CPP RMR
P100012031,C100012031,NIA COM RHVAC CTA,Niagara - Comm RHVAC RMR
P100012032,C100012032,NIA COM RHVAC CTS,Niagara - Comm RHVAC OPS
P100012033,C100012033,NIA COMHVACSALE CTS,Niagara - Comm HVAC Sales Ops
P100012034,C100012034,NIA PLCOD CTS,Niagara - Res Plumb COD Ops
P100012035,C100012035,NIA PLCPP CTA,Niagara - Res Plumb CPP RMR
P100012036,C100012036,NIA PLCPP CTS,Niagara - Res Plumb CPP Ops
P100012037,C100012037,NIA RELEXP CTA,Niagara - Reliance Express - RMR
P100012038,C100012038,NIA WPSALES CTA,Niagara Res Water Pur Sales - Sales
P100012039,C100012039,NIA WHSALES CTA,Niagara - Res WH Sales - Sales
P100012040,C100012040,NIA WHSALES CTS,Niagara - Res WH Sales - Ops
P100012041,C100012041,NIA VRPL CTA,Niagara - Vent Replacement - Sales
P100012042,C100012042,NIA RNC CTS,Niagara - New Home Const - Ops
P100012043,C100012043,NIA GEOTHERM CTA,Niagara - Geothermal - Sales
P100012044,C100012044,NIA GEOTERM CTS,Niagara - Geothermal - Ops
P100012045,C100012045,NIA RWH CAP,Niagara - Rent WH Capital Install Cost
P100012046,C100012046,NIA RFURN CAP,Niagara - Rent Furnace Cap Costs
P100012047,C100012047,NIA EWH CAP,Niagara - EWH - Cap
P100012048,C100012048,NIA WS CAP,Niagara - RW Softener Cap Insta
P100012049,C100012049,NIA SH CAP,Niagara - SH - Cap
P100012050,C100012050,NIA SHCOD CTA,Niagara - SH COD - Sales
P100012051,C100012051,NIA SHCOD CTS,Niagara - SH COD - Ops
P100012052,C100012052,NIA SHSALE CTA,Niagara - SH Sales - Sales
P100012053,C100012053,NIA SHSALE CTS,Niagara - SH Sales - Ops
P100012054,C100012054,NIA SHCPP CTA,Niagara - SH CPP - Sales
P100012055,C100012055,NIA SHCPP CTS,Niagara - SH CPP - Ops
P100012056,C100012056,NIA RENTSH CTA,Niagara - SH Rental Service - RMR
P100012057,C100012057,NIA RENTSH CTS,Niagara - SH Rental Service - Ops
P100012058,C100012058,NIA COM WPSALE CTA,Niagara - Comm WP Sales - Sales
P100012059,C100012059,NIA COM WPSALE CTS,Niagara - Comm WP Sales - Ops
P100012060,C100012060,NIA COM WHSALE CTA,Niagara - Comm WH Sales
P100012061,C100012061,NIA COM WHSALE CTS,Niagara - Comm WH Sales Ops
P100012062,C100012062,NIA COM HVACCOD CTA,Niagara - Comm HVAC COD Sales
P100012063,C100012063,NIA COM MO CTA,Niagara Comm Maint Prot - Sales
P100012064,C100012064,NIA COM CPP CTS,Niagara - Comm CPP Ops
P100012065,C100012065,NIA COMHVACSALE CTA,Niagara - Comm HVAC Sales
P100012066,C100012066,NIA COM PROJ CTA,Niagara Comm Projects - Sales
P100012067,C100012067,NIA COM PROJ CTS,Niagara - Commercial Projects - Ops
P100012068,C100012068,NIA COMM CAP,Niagara - R-Comm-Cap Costs
P100012069,C100012069,NIA COMMRHVAC CAP,Niagara - RHVAC-Comm-Cap Costs
P100012070,C100012070,NIA PLCOD CTA,Niagara - Res Plumb COD Sales
P100012071,C100012071,NIA PLRNC CTA,Niagara - Plumbing New Const- Sales
P100012072,C100012072,NIA PLRNC CTS,Niagara - Plumbing New Const- Ops
P100012073,C100012073,NIA AH CAP,Niagara - Rent Air Handler - Cap
P100012075,C100012075,NIA COM PLCOD CTA,Niagara - Comm Plumbing COD Sales
P100012076,C100012076,NIA COM PLCOD CTS,Niagara - Comm Plumbing COD Ops
P100012077,C100012077,NIA DWHR CAP,Niagara - DWHR - Cap
P100012078,C100012078,NIA RSPEC CAP,Niagara Rent Special Cap
P100012079,C100012079,NIA CPPSALE CTS,Niagara - Hem.-R-Ser-HPP - Ops
P100012080,C100012080,NIA CPPSALE CTA,Niagara - Hem.-R-Ser-HPP - Sales
P100012081,C100012081,NIA EW CTA,Niagara - In-House Ext.Warr - Sales
P100012082,C100012082,NIA RNC CTA,Niagara - New Home Const - Sales
P100012083,C100012083,NIA RELEXP CTS,Niagara - Reliance Express - Ops
P100013000,C100013000,TOR FSM AR / OH,Toronto - FSM AR / OH only
P100013001,C100013001,TOR ELECCOD CTA,Toronto - Res Elec COD - Sales
P100013002,C100013002,TOR ELECCOD CTS,Toronto - Res Elec COD -Ops
P100013003,C100013003,TOR WPSALES CTA,Toronto Res Water Pur Sales - Sales
P100013004,C100013004,TOR WPSALES CTS,Toronto Res Water Pur Sales - Ops
P100013005,C100013005,TOR WP CTA,Toronto Res Water Pur Rental - RMR
P100013006,C100013006,TOR WP CTS,Toronto Res Water Pur Rental - Ops
P100013007,C100013007,TOR WHSALES CTS,Toronto - Res WH Sales - Ops
P100013008,C100013008,TOR HVACCOD CTA,Toronto - HVAC COD - Sales
P100013009,C100013009,TOR HVACCOD CTS,Toronto - HVAC COD - Ops
P100013010,C100013010,TOR VRPL CTA,Toronto - Vent Replacement - Sales
P100013011,C100013011,TOR VRPL CTS,Toronto - Vent Replacement - Ops
P100013012,C100013012,TOR FSM WH,Toronto - FSM WH inventory only
P100013013,C100013013,TOR RWH CTA,Toronto - Residential WH - RMR
P100013014,C100013014,TOR RWH CTS,Toronto - Residential WH - Ops
P100013015,C100013015,TOR HVACCPP CTA,Toronto - Residential HVAC CPP - RMR
P100013016,C100013016,TOR HVACCPP CTS,Toronto - Residential HVAC CPP - Ops
P100013017,C100013017,TOR RHVAC CTA,Toronto - Residential Rental HVAC - RMR
P100013018,C100013018,TOR RHVAC CTS,Toronto - Residential Rental HVAC - Ops
P100013019,C100013019,TOR EW CTS,Toronto - In-House Ext.Warr - Ops
P100013020,C100013020,TOR FSM HVAC,Toronto - FSM HVAC inventory only
P100013021,C100013021,TOR HVACSALE CTA,Toronto - Residential HVAC Sales - Sales
P100013022,C100013022,TOR HVACSALE CTS,Toronto - Residential HVAC Sales - Ops
P100013023,C100013023,TOR GEOTERM CTS,Toronto - Geothermal - Ops
P100013024,C100013024,TOR RWH CAP,Toronto - Rent WH Capital Install Cost
P100013025,C100013025,TOR RFURN CAP,Toronto - Rent Furnace Cap Costs
P100013026,C100013026,TOR TANKLESS CAP,Toronto - Tankless Waterheaters
P100013027,C100013027,TOR ELECCPP CTA,Toronto - Res Electric CPP - RMR
P100013028,C100013028,TOR ELECCPP CTS,Toronto - Res Electric CPP - Ops
P100013029,C100013029,TOR EWH CTA,Toronto - Electric WH - RMR
P100013030,C100013030,TOR EWH CTS,Toronto - Electric WH Ops     
P100013031,C100013031,TOR RHVACINSTEXP,Toronto - RHVAC Install Expense
P100013032,C100013032,TOR SHCOD CTS,Toronto - SH COD - Ops
P100013033,C100013033,TOR SHSALE CTA,Toronto - SH Sales - Sales
P100013034,C100013034,TOR SHSALE CTS,Toronto - SH Sales - Ops
P100013035,C100013035,TOR RENTSH CTA,Toronto - SH Rental Service - RMR
P100013036,C100013036,TOR COM WHSALE CTS,Toronto - Comm WH Sales Ops
P100013037,C100013037,TOR COM HVACCOD CTS,Toronto - Comm HVAC COD Ops
P100013038,C100013038,TOR COMM CTA,Toronto - Rental Commercial - RMR
P100013039,C100013039,TOR COMM CTS,Toronto - Rental Commercial - Ops
P100013040,C100013040,TOR COM RHVAC CTA,Toronto - Comm RHVAC RMR
P100013041,C100013041,TOR COM RHVAC CTS,Toronto - Comm RHVAC OPS
P100013042,C100013042,TOR COMHVACSALE CTA,Toronto - Comm HVAC Sales
P100013043,C100013043,TOR COMHVACSALE CTS,Toronto - Comm HVAC Sales Ops
P100013044,C100013044,TOR COM PROJ CTS,Toronto - Commercial Projects - Ops
P100013045,C100013045,TOR PLCOD CTA,Toronto - Res Plumb COD Sales
P100013046,C100013046,TOR PLCOD CTS,Toronto - Res Plumb COD Ops
P100013047,C100013047,TOR PLCPP CTA,Toronto - Res Plumb CPP RMR
P100013048,C100013048,TOR PLCPP CTS,Toronto - Res Plumb CPP Ops
P100013049,C100013049,TOR RELEXP CTA,Toronto - Reliance Express - RMR
P100013050,C100013050,TOR RELEXP CTS,Toronto - Reliance Express - Ops
P100013051,C100013051,TOR WHSALES CTA,Toronto - Res WH Sales - Sales
P100013052,C100013052,TOR GEOTHERM CTA,Toronto - Geothermal - Sales
P100013053,C100013053,TOR EWH CAP,Toronto - EWH - Cap
P100013054,C100013054,TOR WS CAP,Toronto - RW Softener Cap Insta
P100013055,C100013055,TOR SH CAP,Toronto - SH - Cap
P100013056,C100013056,TOR SHCOD CTA,Toronto - SH COD - Sales
P100013057,C100013057,TOR SHCPP CTA,Toronto - SH CPP - Sales
P100013058,C100013058,TOR SHCPP CTS,Toronto - SH CPP - Ops
P100013059,C100013059,TOR RENTSH CTS,Toronto - SH Rental Service - Ops
P100013060,C100013060,TOR COM WPSALE CTA,Toronto - Comm WP Sales - Sales
P100013061,C100013061,TOR COM WPSALE CTS,Toronto - Comm WP Sales - Ops
P100013062,C100013062,TOR COM WHSALE CTA,Toronto - Comm WH Sales
P100013063,C100013063,TOR COM HVACCOD CTA,Toronto - Comm HVAC COD Sales
P100013064,C100013064,TOR COM MO CTA,Toronto Comm Maint Prot - Sales
P100013065,C100013065,TOR COM MO CTS,Toronto Comm Maint Prot - Ops
P100013066,C100013066,TOR COM CPP CTA,Toronto - Comm CPP RMR
P100013067,C100013067,TOR COM CPP CTS,Toronto - Comm CPP Ops
P100013068,C100013068,TOR COM PROJ CTA,Toronto Comm Projects - Sales
P100013069,C100013069,TOR COMM CAP,Toronto - R-Comm-Cap Costs
P100013070,C100013070,TOR COMMRHVAC CAP,Toronto - RHVAC-Comm-Cap Costs
P100013071,C100013071,TOR PLRNC CTA,Toronto - Plumbing New Const- Sales
P100013072,C100013072,TOR PLRNC CTS,Toronto - Plumbing New Const- Ops
P100013073,C100013073,TOR AH CAP,Toronto - Rent Air Handler - Cap
P100013075,C100013075,TOR COM PLCOD CTA,Toronto - Comm Plumbing COD Sales
P100013076,C100013076,TOR COM PLCOD CTS,Toronto - Comm Plumbing COD Ops
P100013077,C100013077,TOR DWHR CAP,Toronto - DWHR - Cap
P100013078,C100013078,TOR RSPEC CAP,Toronto Rent Special Cap
P100013079,C100013079,TOR CPPSALE CTS,Toronto - Hem.-R-Ser-HPP - Ops
P100013080,C100013080,TOR CPPSALE CTA,Toronto - Hem.-R-Ser-HPP - Sales
P100013081,C100013081,TOR EW CTA,Toronto - In-House Ext.Warr - Sales
P100013082,C100013082,TOR RNC CTS,Toronto - New Home Const - Ops
P100013083,C100013083,TOR RNC CTA,Toronto - New Home Const - Sales
P100014000,C100014000,YOR FSM AR / OH,York - FSM AR / OH only
P100014001,C100014001,YOR ELECCOD CTA,York - Res Elec COD - Sales
P100014002,C100014002,YOR ELECCOD CTS,York - Res Elec COD -Ops
P100014003,C100014003,YOR WPSALES CTS,York Res Water Pur Sales - Ops
P100014004,C100014004,YOR WP CTA,York Res Water Pur Rental - RMR
P100014005,C100014005,YOR WP CTS,York Res Water Pur Rental - Ops
P100014006,C100014006,YOR WHSALES CTS,York - Res WH Sales - Ops
P100014007,C100014007,YOR HVACCOD CTA,York - HVAC COD - Sales
P100014008,C100014008,YOR HVACCOD CTS,York - HVAC COD - Ops
P100014009,C100014009,YOR VRPL CTA,York - Vent Replacement - Sales
P100014010,C100014010,YOR VRPL CTS,York - Vent Replacement - Ops
P100014011,C100014011,YOR FSM WH,York - FSM WH inventory only
P100014012,C100014012,YOR RWH CTA,York - Residential WH - RMR
P100014013,C100014013,YOR RWH CTS,York - Residential WH - Ops
P100014014,C100014014,YOR HVACCPP CTA,York - Residential HVAC CPP - RMR
P100014015,C100014015,YOR HVACCPP CTS,York - Residential HVAC CPP - Ops
P100014016,C100014016,YOR RHVAC CTA,York - Residential Rental HVAC - RMR
P100014017,C100014017,YOR RHVAC CTS,York - Residential Rental HVAC - Ops
P100014018,C100014018,YOR EW CTS,York - In-House Ext.Warr - Ops
P100014019,C100014019,YOR FSM HVAC,York - FSM HVAC inventory only
P100014020,C100014020,YOR HVACSALE CTA,York - Residential HVAC Sales - Sales
P100014021,C100014021,YOR HVACSALE CTS,York - Residential HVAC Sales - Ops
P100014022,C100014022,YOR RNC CTS,York - New Home Const - Ops
P100014023,C100014023,YOR GEOTERM CTS,York - Geothermal - Ops
P100014024,C100014024,YOR RWH CAP,York - Rent WH Capital Install Cost
P100014025,C100014025,YOR RFURN CAP,York - Rent Furnace Cap Costs
P100014026,C100014026,YOR TANKLESS CAP,York - Tankless Waterheaters
P100014027,C100014027,YOR ELECCPP CTA,York - Res Electric CPP - RMR
P100014028,C100014028,YOR ELECCPP CTS,York - Res Electric CPP - Ops
P100014029,C100014029,YOR EWH CTA,York - Electric WH - RMR
P100014030,C100014030,YOR EWH CTS,York - Electric WH Ops     
P100014031,C100014031,YOR RHVACINSTEXP,York - RHVAC Install Expense
P100014032,C100014032,YOR SHCOD CTS,York - SH COD - Ops
P100014033,C100014033,YOR SHSALE CTS,York - SH Sales - Ops
P100014034,C100014034,YOR RENTSH CTA,York - SH Rental Service - RMR
P100014035,C100014035,YOR RENTSH CTS,York - SH Rental Service - Ops
P100014036,C100014036,YOR COM WHSALE CTA,York - Comm WH Sales
P100014037,C100014037,YOR COM WHSALE CTS,York - Comm WH Sales Ops
P100014038,C100014038,YOR COM HVACCOD CTS,York - Comm HVAC COD Ops
P100014039,C100014039,YOR COMM CTA,York - Rental Commercial - RMR
P100014040,C100014040,YOR COMM CTS,York - Rental Commercial - Ops
P100014041,C100014041,YOR COM CPP CTA,York - Comm CPP RMR
P100014042,C100014042,YOR COM RHVAC CTA,York - Comm RHVAC RMR
P100014043,C100014043,YOR COM RHVAC CTS,York - Comm RHVAC OPS
P100014044,C100014044,YOR COMHVACSALE CTS,York - Comm HVAC Sales Ops
P100014045,C100014045,YOR PLCOD CTA,York - Res Plumb COD Sales
P100014046,C100014046,YOR PLCOD CTS,York - Res Plumb COD Ops
P100014047,C100014047,YOR PLCPP CTA,York - Res Plumb CPP RMR
P100014048,C100014048,YOR PLCPP CTS,York - Res Plumb CPP Ops
P100014049,C100014049,YOR RELEXP CTA,York - Reliance Express - RMR
P100014050,C100014050,YOR RELEXP CTS,York - Reliance Express - Ops
P100014051,C100014051,YOR WPSALES CTA,York Res Water Pur Sales - Sales
P100014052,C100014052,YOR WHSALES CTA,York - Res WH Sales - Sales
P100014053,C100014053,YOR GEOTHERM CTA,York - Geothermal - Sales
P100014054,C100014054,YOR EWH CAP,York - EWH - Cap
P100014055,C100014055,YOR WS CAP,York - RW Softener Cap Insta
P100014056,C100014056,YOR SH CAP,York - SH - Cap
P100014057,C100014057,YOR SHCOD CTA,York - SH COD - Sales
P100014058,C100014058,YOR SHSALE CTA,York - SH Sales - Sales
P100014059,C100014059,YOR SHCPP CTA,York - SH CPP - Sales
P100014060,C100014060,YOR SHCPP CTS,York - SH CPP - Ops
P100014061,C100014061,YOR COM WPSALE CTA,York - Comm WP Sales - Sales
P100014062,C100014062,YOR COM WPSALE CTS,York - Comm WP Sales - Ops
P100014063,C100014063,YOR COM HVACCOD CTA,York - Comm HVAC COD Sales
P100014064,C100014064,YOR COM MO CTA,York Comm Maint Prot - Sales
P100014065,C100014065,YOR COM MO CTS,York Comm Maint Prot - Ops
P100014066,C100014066,YOR COM CPP CTS,York - Comm CPP Ops
P100014067,C100014067,YOR COMHVACSALE CTA,York - Comm HVAC Sales
P100014068,C100014068,YOR COM PROJ CTA,York Comm Projects - Sales
P100014069,C100014069,YOR COM PROJ CTS,York - Commercial Projects - Ops
P100014070,C100014070,YOR COMM CAP,York - R-Comm-Cap Costs
P100014071,C100014071,YOR COMMRHVAC CAP,York - RHVAC-Comm-Cap Costs
P100014072,C100014072,YOR PLRNC CTA,York - Plumbing New Const- Sales
P100014073,C100014073,YOR PLRNC CTS,York - Plumbing New Const- Ops
P100014074,C100014074,YOR AH CAP,York - Rent Air Handler - Cap
P100014076,C100014076,YOR COM PLCOD CTA,York - Comm Plumbing COD Sales
P100014077,C100014077,YOR COM PLCOD CTS,York - Comm Plumbing COD Ops
P100014078,C100014078,YOR DWHR CAP,York - DWHR - Cap
P100014079,C100014079,YOR RSPEC CAP,York Rent Special Cap
P100014080,C100014080,YOR CPPSALE CTS,York - Hem.-R-Ser-HPP - Ops
P100014081,C100014081,YOR CPPSALE CTA,York - Hem.-R-Ser-HPP - Sales
P100014082,C100014082,YOR EW CTA,York - In-House Ext.Warr - Sales
P100014083,C100014083,YOR RNC CTA,York - New Home Const - Sales
P100015000,C100015000,BRA FSM AR / OH,Brampton - FSM AR / OH only
P100015001,C100015001,BRA ELECCOD CTS,Brampton - Res Elec COD -Ops
P100015002,C100015002,BRA WPSALES CTS,Brampton Res Water Pur Sales - Ops
P100015003,C100015003,BRA WP CTA,Brampton Res Water Pur Rental - RMR
P100015004,C100015004,BRA WP CTS,Brampton Res Water Pur Rental - Ops
P100015005,C100015005,BRA WHSALES CTS,Brampton - Res WH Sales - Ops
P100015006,C100015006,BRA HVACCOD CTA,Brampton - HVAC COD - Sales
P100015007,C100015007,BRA HVACCOD CTS,Brampton - HVAC COD - Ops
P100015008,C100015008,BRA VRPL CTA,Brampton - Vent Replacement - Sales
P100015009,C100015009,BRA VRPL CTS,Brampton - Vent Replacement - Ops
P100015010,C100015010,BRA FSM WH,Brampton - FSM WH inventory only
P100015011,C100015011,BRA RWH CTA,Brampton - Residential WH - RMR
P100015012,C100015012,BRA RWH CTS,Brampton - Residential WH - Ops
P100015013,C100015013,BRA HVACCPP CTA,Brampton - Residential HVAC CPP - RMR
P100015014,C100015014,BRA HVACCPP CTS,Brampton - Residential HVAC CPP - Ops
P100015015,C100015015,BRA RHVAC CTA,Brampton - Residential Rental HVAC - RMR
P100015016,C100015016,BRA RHVAC CTS,Brampton - Residential Rental HVAC - Ops
P100015017,C100015017,BRA EW CTS,Brampton - In-House Ext.Warr - Ops
P100015018,C100015018,BRA FSM HVAC,Brampton - FSM HVAC inventory only
P100015019,C100015019,BRA HVACSALE CTA,Brampton - Res HVAC Sales - Sales
P100015020,C100015020,BRA HVACSALE CTS,Brampton - Residential HVAC Sales - Ops
P100015021,C100015021,BRA GEOTERM CTS,Brampton - Geothermal - Ops
P100015022,C100015022,BRA RWH CAP,Brampton - Rent WH Capital Install Cost
P100015023,C100015023,BRA RFURN CAP,Brampton - Rent Furnace Cap Costs
P100015024,C100015024,BRA TANKLESS CAP,Brampton - Tankless Waterheaters
P100015025,C100015025,BRA ELECCPP CTA,Brampton - Res Electric CPP - RMR
P100015026,C100015026,BRA ELECCPP CTS,Brampton - Res Electric CPP - Ops
P100015027,C100015027,BRA EWH CTA,Brampton - Electric WH - RMR
P100015028,C100015028,BRA EWH CTS,Brampton - Electric WH Ops     
P100015029,C100015029,BRA RHVACINSTEXP,Brampton - RHVAC Install Expense
P100015030,C100015030,BRA SHCOD CTS,Brampton - SH COD - Ops
P100015031,C100015031,BRA SHSALE CTS,Brampton - SH Sales - Ops
P100015032,C100015032,BRA RENTSH CTA,Brampton - SH Rental Service - RMR
P100015033,C100015033,BRA RENTSH CTS,Brampton - SH Rental Service - Ops
P100015034,C100015034,BRA COM HVACCOD CTS,Brampton - Comm HVAC COD Ops
P100015035,C100015035,BRA COMM CTA,Brampton - Rental Commercial - RMR
P100015036,C100015036,BRA COMM CTS,Brampton - Rental Commercial - Ops
P100015037,C100015037,BRA COM RHVAC CTA,Brampton - Comm RHVAC RMR
P100015038,C100015038,BRA COM RHVAC CTS,Brampton - Comm RHVAC OPS
P100015039,C100015039,BRA PLCOD CTA,Brampton - Res Plumb COD Sales
P100015040,C100015040,BRA PLCOD CTS,Brampton - Res Plumb COD Ops
P100015041,C100015041,BRA PLCPP CTA,Brampton - Res Plumb CPP RMR
P100015042,C100015042,BRA PLCPP CTS,Brampton - Res Plumb CPP Ops
P100015043,C100015043,BRA RELEXP CTA,Brampton - Reliance Express - RMR
P100015044,C100015044,BRA RELEXP CTS,Brampton - Reliance Express - Ops
P100015045,C100015045,BRA ELECCOD CTA,Brampton - Res Elec COD - Sales
P100015046,C100015046,BRA WPSALES CTA,Brampton Res Water Pur Sales - Sales
P100015047,C100015047,BRA WHSALES CTA,Brampton - Res WH Sales - Sales
P100015048,C100015048,BRA GEOTHERM CTA,Brampton - Geothermal - Sales
P100015049,C100015049,BRA EWH CAP,Brampton - EWH - Cap
P100015050,C100015050,BRA WS CAP,Brampton - RW Softener Cap Insta
P100015051,C100015051,BRA SH CAP,Brampton - SH - Cap
P100015052,C100015052,BRA SHCOD CTA,Brampton - SH COD - Sales
P100015053,C100015053,BRA SHSALE CTA,Brampton - SH Sales - Sales
P100015054,C100015054,BRA SHCPP CTA,Brampton - SH CPP - Sales
P100015055,C100015055,BRA SHCPP CTS,Brampton - SH CPP - Ops
P100015056,C100015056,BRA COM WPSALE CTA,Brampton - Comm WP Sales - Sales
P100015057,C100015057,BRA COM WPSALE CTS,Brampton - Comm WP Sales - Ops
P100015058,C100015058,BRA COM WHSALE CTA,Brampton - Comm WH Sales
P100015059,C100015059,BRA COM WHSALE CTS,Brampton - Comm WH Sales Ops
P100015060,C100015060,BRA COM HVACCOD CTA,Brampton - Comm HVAC COD Sales
P100015061,C100015061,BRA COM MO CTA,Brampton Comm Maint Prot - Sales
P100015062,C100015062,BRA COM MO CTS,Brampton Comm Maint Prot - Ops
P100015063,C100015063,BRA COM CPP CTA,Brampton - Comm CPP RMR
P100015064,C100015064,BRA COM CPP CTS,Brampton - Comm CPP Ops
P100015065,C100015065,BRA COMHVACSALE CTA,Brampton - Comm HVAC Sales
P100015066,C100015066,BRA COMHVACSALE CTS,Brampton - Comm HVAC Sales Ops
P100015067,C100015067,BRA COM PROJ CTA,Brampton Comm Projects - Sales
P100015068,C100015068,BRA COM PROJ CTS,Brampton - Commercial Projects - Ops
P100015069,C100015069,BRA COMM CAP,Brampton - R-Comm-Cap Costs
P100015070,C100015070,BRA COMMRHVAC CAP,Brampton - RHVAC-Comm-Cap Costs
P100015071,C100015071,BRA PLRNC CTA,Brampton - Plumbing New Const- Sales
P100015072,C100015072,BRA PLRNC CTS,Brampton - Plumbing New Const- Ops
P100015073,C100015073,BRA EW CTA,Brampton - In-House Ext.Warr - Sales
P100015074,C100015074,BRA AH CAP,Brampton - Rent Air Handler - Cap
P100015076,C100015076,BRA COM PLCOD CTA,Brampton - Comm Plumbing COD Sales
P100015077,C100015077,BRA COM PLCOD CTS,Brampton - Comm Plumbing COD Ops
P100015078,C100015078,BRA DWHR CAP,Brampton - DWHR - Cap
P100015079,C100015079,BRA RSPEC CAP,Brampton Rent Special Cap
P100015080,C100015080,BRA CPPSALE CTS,Brampton - Hem.-R-Ser-HPP - Ops
P100015081,C100015081,BRA CPPSALE CTA,Brampton - Hem.-R-Ser-HPP - Sales
P100015082,C100015082,BRA RNC CTS,Brampton - New Home Const - Ops
P100015083,C100015083,BRA RNC CTA,Brampton - New Home Const - Sales
P100016000,C100016000,MIS FSM AR / OH,Mississauga - FSM AR / OH only
P100016001,C100016001,MIS ELECCOD CTA,Mississauga - Res Elec COD - Sales
P100016002,C100016002,MIS ELECCOD CTS,Mississauga - Res Elec COD -Ops
P100016003,C100016003,MIS WPSALES CTA,Mississauga Res Water Pur Sales - Sales
P100016004,C100016004,MIS WPSALES CTS,Mississauga Res Water Pur Sales - Ops
P100016005,C100016005,MIS WP CTA,Mississauga Res Water Pur Rental - RMR
P100016006,C100016006,MIS WP CTS,Mississauga Res Water Pur Rental - Ops
P100016007,C100016007,MIS WHSALES CTS,Mississauga - Res WH Sales - Ops
P100016008,C100016008,MIS HVACCOD CTA,Mississauga - HVAC COD - Sales
P100016009,C100016009,MIS HVACCOD CTS,Mississauga - HVAC COD - Ops
P100016010,C100016010,MIS VRPL CTA,Mississauga - Vent Replacement - Sales
P100016011,C100016011,MIS VRPL CTS,Mississauga - Vent Replacement - Ops
P100016012,C100016012,MIS FSM WH,Mississauga - FSM WH inventory only
P100016013,C100016013,MIS RWH CTA,Mississauga - Residential WH - RMR
P100016014,C100016014,MIS RWH CTS,Mississauga - Residential WH - Ops
P100016015,C100016015,MIS HVACCPP CTA,Mississauga - Residential HVAC CPP - RMR
P100016016,C100016016,MIS HVACCPP CTS,Mississauga - Residential HVAC CPP - Ops
P100016017,C100016017,MIS RHVAC CTA,Mississauga - Res Rental HVAC - RMR
P100016018,C100016018,MIS RHVAC CTS,Mississauga - Res Rental HVAC - Ops
P100016019,C100016019,MIS EW CTS,Mississauga - In-House Ext.Warr - Ops
P100016020,C100016020,MIS FSM HVAC,Mississauga - FSM HVAC inventory only
P100016021,C100016021,MIS HVACSALE CTA,Mississauga - Res HVAC Sales - Sales
P100016022,C100016022,MIS HVACSALE CTS,Mississauga - Res HVAC Sales - Ops
P100016023,C100016023,MIS RNC CTS,Mississauga - New Home Const - Ops
P100016024,C100016024,MIS GEOTERM CTS,Mississauga - Geothermal - Ops
P100016025,C100016025,MIS RWH CAP,Mississauga - Rent WH Cap Install Cost
P100016026,C100016026,MIS RFURN CAP,Mississauga - Rent Furnace Cap Costs
P100016027,C100016027,MIS TANKLESS CAP,Mississauga - Tankless Waterheaters
P100016028,C100016028,MIS EWH CAP,Mississauga - EWH - Cap
P100016029,C100016029,MIS ELECCPP CTA,Mississauga - Res Electric CPP - RMR
P100016030,C100016030,MIS ELECCPP CTS,Mississauga - Res Electric CPP - Ops
P100016031,C100016031,MIS EWH CTA,Mississauga - Electric WH - RMR
P100016032,C100016032,MIS EWH CTS,Mississauga - Electric WH Ops     
P100016033,C100016033,MIS RHVACINSTEXP,Mississauga - RHVAC Install Expense
P100016034,C100016034,MIS SHCOD CTS,Mississauga - SH COD - Ops
P100016035,C100016035,MIS SHSALE CTS,Mississauga - SH Sales - Ops
P100016036,C100016036,MIS RENTSH CTA,Mississauga - SH Rental Service - RMR
P100016037,C100016037,MIS COM WHSALE CTS,Mississauga - Comm WH Sales Ops
P100016038,C100016038,MIS COM HVACCOD CTS,Mississauga - Comm HVAC COD Ops
P100016039,C100016039,MIS COMM CTA,Mississauga - Rental Commercial - RMR
P100016040,C100016040,MIS COMM CTS,Mississauga - Rental Commercial - Ops
P100016041,C100016041,MIS COM CPP CTS,Mississauga - Comm CPP Ops
P100016042,C100016042,MIS COM RHVAC CTA,Mississauga - Comm RHVAC RMR
P100016043,C100016043,MIS COM RHVAC CTS,Mississauga - Comm RHVAC OPS
P100016044,C100016044,MIS COMHVACSALE CTS,Mississauga - Comm HVAC Sales Ops
P100016045,C100016045,MIS PLCOD CTA,Mississauga - Res Plumb COD Sales
P100016046,C100016046,MIS PLCOD CTS,Mississauga - Res Plumb COD Ops
P100016047,C100016047,MIS PLCPP CTA,Mississauga - Res Plumb CPP RMR
P100016048,C100016048,MIS PLCPP CTS,Mississauga - Res Plumb CPP Ops
P100016049,C100016049,MIS RELEXP CTA,Mississauga - Reliance Express - RMR
P100016050,C100016050,MIS RELEXP CTS,Mississauga - Reliance Express - Ops
P100016051,C100016051,MIS WHSALES CTA,Mississauga - Res WH Sales - Sales
P100016052,C100016052,MIS GEOTHERM CTA,Mississauga - Geothermal - Sales
P100016053,C100016053,MIS WS CAP,Mississauga - RW Softener Cap Insta
P100016054,C100016054,MIS SH CAP,Mississauga - SH - Cap
P100016055,C100016055,MIS SHCOD CTA,Mississauga - SH COD - Sales
P100016056,C100016056,MIS SHSALE CTA,Mississauga - SH Sales - Sales
P100016057,C100016057,MIS SHCPP CTA,Mississauga - SH CPP - Sales
P100016058,C100016058,MIS SHCPP CTS,Mississauga - SH CPP - Ops
P100016059,C100016059,MIS RENTSH CTS,Mississauga - SH Rental Service - Ops
P100016060,C100016060,MIS COM WPSALE CTA,Mississauga - Comm WP Sales - Sales
P100016061,C100016061,MIS COM WPSALE CTS,Mississauga - Comm WP Sales - Ops
P100016062,C100016062,MIS COM WHSALE CTA,Mississauga - Comm WH Sales
P100016063,C100016063,MIS COM HVACCOD CTA,Mississauga - Comm HVAC COD Sales
P100016064,C100016064,MIS COM MO CTA,Mississauga Comm Maint Prot - Sales
P100016065,C100016065,MIS COM MO CTS,Mississauga Comm Maint Prot - Ops
P100016066,C100016066,MIS COM CPP CTA,Mississauga - Comm CPP RMR
P100016067,C100016067,MIS COMHVACSALE CTA,Mississauga - Comm HVAC Sales
P100016068,C100016068,MIS COM PROJ CTA,Mississauga Comm Projects - Sales
P100016069,C100016069,MIS COM PROJ CTS,Mississauga - Commercial Projects - Ops
P100016070,C100016070,MIS COMM CAP,Mississauga - R-Comm-Cap Costs
P100016071,C100016071,MIS COMMRHVAC CAP,Mississauga - RHVAC-Comm-Cap Costs
P100016072,C100016072,MIS PLRNC CTA,Mississauga - Plumbing New Const- Sales
P100016073,C100016073,MIS PLRNC CTS,Mississauga - Plumbing New Const- Ops
P100016074,C100016074,MIS AH CAP,Mississauga - Rent Air Handler - Cap
P100016076,C100016076,MIS COM PLCOD CTA,Mississauga - Comm Plumbing COD Sales
P100016077,C100016077,MIS COM PLCOD CTS,Mississauga - Comm Plumbing COD Ops
P100016078,C100016078,MIS DWHR CAP,Mississauga - DWHR - Cap
P100016079,C100016079,MIS RSPEC CAP,Mississauga Rent Special Cap
P100016080,C100016080,MIS CPPSALE CTS,Mississauga - Hem.-R-Ser-HPP - Ops
P100016081,C100016081,MIS CPPSALE CTA,Mississauga - Hem.-R-Ser-HPP - Sales
P100016082,C100016082,MIS EW CTA,Mississauga - In-House Ext.Warr - Sales
P100016083,C100016083,MIS RNC CTA,Mississauga - New Home Const - Sales
P100017000,C100017000,CAM FSM AR / OH,Cambridge - FSM AR / OH only
P100017001,C100017001,CAM ELECCOD CTA,Cambridge - Res Elec COD - Sales
P100017002,C100017002,CAM ELECCOD CTS,Cambridge - Res Elec COD -Ops
P100017003,C100017003,CAM WPSALES CTS,Cambridge Res Water Pur Sales - Ops
P100017004,C100017004,CAM WP CTA,Cambridge Res Water Pur Rental - RMR
P100017005,C100017005,CAM WP CTS,Cambridge Res Water Pur Rental - Ops
P100017006,C100017006,CAM WHSALES CTA,Cambridge - Res WH Sales - Sales
P100017007,C100017007,CAM WHSALES CTS,Cambridge - Res WH Sales - Ops
P100017008,C100017008,CAM HVACCOD CTA,Cambridge - HVAC COD - Sales
P100017009,C100017009,CAM HVACCOD CTS,Cambridge - HVAC COD - Ops
P100017010,C100017010,CAM VRPL CTA,Cambridge - Vent Replacement - Sales
P100017011,C100017011,CAM VRPL CTS,Cambridge - Vent Replacement - Ops
P100017012,C100017012,CAM FSM WH,Cambridge - FSM WH inventory only
P100017013,C100017013,CAM RWH CTA,Cambridge - Residential WH - RMR
P100017014,C100017014,CAM RWH CTS,Cambridge - Residential WH - Ops
P100017015,C100017015,CAM HVACCPP CTA,Cambridge - Residential HVAC CPP - RMR
P100017016,C100017016,CAM HVACCPP CTS,Cambridge - Residential HVAC CPP - Ops
P100017017,C100017017,CAM RHVAC CTA,Cambridge - Res Rental HVAC - RMR
P100017018,C100017018,CAM RHVAC CTS,Cambridge - Res Rental HVAC - Ops
P100017019,C100017019,CAM EW CTS,Cambridge - In-House Ext.Warr - Ops
P100017020,C100017020,CAM FSM HVAC,Cambridge - FSM HVAC inventory only
P100017021,C100017021,CAM HVACSALE CTA,Cambridge - Res HVAC Sales - Sales
P100017022,C100017022,CAM HVACSALE CTS,Cambridge - Residential HVAC Sales - Ops
P100017023,C100017023,CAM GEOTHERM CTA,Cambridge - Geothermal - Sales
P100017024,C100017024,CAM GEOTERM CTS,Cambridge - Geothermal - Ops
P100017025,C100017025,CAM RWH CAP,Cambridge - Rent WH Capital Install Cost
P100017026,C100017026,CAM RFURN CAP,Cambridge - Rent Furnace Cap Costs
P100017027,C100017027,CAM TANKLESS CAP,Cambridge - Tankless Waterheaters
P100017028,C100017028,CAM EWH CAP,Cambridge - EWH - Cap
P100017029,C100017029,CAM ELECCPP CTA,Cambridge - Res Electric CPP - RMR
P100017030,C100017030,CAM ELECCPP CTS,Cambridge - Res Electric CPP - Ops
P100017031,C100017031,CAM EWH CTA,Cambridge - Electric WH - RMR
P100017032,C100017032,CAM EWH CTS,Cambridge - Electric WH Ops     
P100017033,C100017033,CAM RHVACINSTEXP,Cambridge - RHVAC Install Expense
P100017034,C100017034,CAM SHSALE CTS,Cambridge - SH Sales - Ops
P100017035,C100017035,CAM RENTSH CTA,Cambridge - SH Rental Service - RMR
P100017036,C100017036,CAM COM WHSALE CTA,Cambridge - Comm WH Sales
P100017037,C100017037,CAM COM WHSALE CTS,Cambridge - Comm WH Sales Ops
P100017038,C100017038,CAM COM HVACCOD CTS,Cambridge - Comm HVAC COD Ops
P100017039,C100017039,CAM COMM CTA,Cambridge - Rental Commercial - RMR
P100017040,C100017040,CAM COMM CTS,Cambridge - Rental Commercial - Ops
P100017041,C100017041,CAM COM RHVAC CTA,Cambridge - Comm RHVAC RMR
P100017042,C100017042,CAM COM RHVAC CTS,Cambridge - Comm RHVAC OPS
P100017043,C100017043,CAM COMHVACSALE CTS,Cambridge - Comm HVAC Sales Ops
P100017044,C100017044,CAM COMM CAP,Cambridge - R-Comm-Cap Costs
P100017045,C100017045,CAM PLCOD CTA,Cambridge - Res Plumb COD Sales
P100017046,C100017046,CAM PLCOD CTS,Cambridge - Res Plumb COD Ops
P100017047,C100017047,CAM PLCPP CTA,Cambridge - Res Plumb CPP RMR
P100017048,C100017048,CAM PLCPP CTS,Cambridge - Res Plumb CPP Ops
P100017049,C100017049,CAM RELEXP CTA,Cambridge - Reliance Express - RMR
P100017050,C100017050,CAM RELEXP CTS,Cambridge - Reliance Express - Ops
P100017051,C100017051,CAM WPSALES CTA,Cambridge Res Water Pur Sales - Sales
P100017052,C100017052,CAM WS CAP,Cambridge - RW Softener Cap Insta
P100017053,C100017053,CAM SH CAP,Cambridge - SH - Cap
P100017054,C100017054,CAM SHCOD CTA,Cambridge - SH COD - Sales
P100017055,C100017055,CAM SHCOD CTS,Cambridge - SH COD - Ops
P100017056,C100017056,CAM SHSALE CTA,Cambridge - SH Sales - Sales
P100017057,C100017057,CAM SHCPP CTA,Cambridge - SH CPP - Sales
P100017058,C100017058,CAM SHCPP CTS,Cambridge - SH CPP - Ops
P100017059,C100017059,CAM RENTSH CTS,Cambridge - SH Rental Service - Ops
P100017060,C100017060,CAM COM WPSALE CTA,Cambridge - Comm WP Sales - Sales
P100017061,C100017061,CAM COM WPSALE CTS,Cambridge - Comm WP Sales - Ops
P100017062,C100017062,CAM COM HVACCOD CTA,Cambridge - Comm HVAC COD Sales
P100017063,C100017063,CAM COM MO CTA,Cambridge Comm Maint Prot - Sales
P100017064,C100017064,CAM COM MO CTS,Cambridge Comm Maint Prot - Ops
P100017065,C100017065,CAM COM CPP CTA,Cambridge - Comm CPP RMR
P100017066,C100017066,CAM COM CPP CTS,Cambridge - Comm CPP Ops
P100017067,C100017067,CAM COMHVACSALE CTA,Cambridge - Comm HVAC Sales
P100017068,C100017068,CAM COM PROJ CTA,Cambridge Comm Projects - Sales
P100017069,C100017069,CAM COM PROJ CTS,Cambridge - Commercial Projects - Ops
P100017070,C100017070,CAM COMMRHVAC CAP,Cambridge - RHVAC-Comm-Cap Costs
P100017071,C100017071,CAM PLRNC CTA,Cambridge - Plumbing New Const- Sales
P100017072,C100017072,CAM PLRNC CTS,Cambridge - Plumbing New Const- Ops
P100017073,C100017073,CAM CPPSALE CTA,Cambridge - Hem.-R-Ser-HPP - Sales
P100017074,C100017074,CAM AH CAP,Cambridge - Rent Air Handler - Cap
P100017075,C100017075,CAM DWHR CAP,Cambridge - DWHR - Cap
P100017077,C100017077,CAM COM PLCOD CTA,Cambridge - Comm Plumbing COD Sales
P100017078,C100017078,CAM COM PLCOD CTS,Cambridge - Comm Plumbing COD Ops
P100017079,C100017079,CAM RSPEC CAP,Cambridge Rent Special Cap
P100017080,C100017080,CAM CPPSALE CTS,Cambridge - Hem.-R-Ser-HPP - Ops
P100017081,C100017081,CAM EW CTA,Cambridge - In-House Ext.Warr - Sales
P100017082,C100017082,CAM RNC CTS,Cambridge - New Home Const - Ops
P100017083,C100017083,CAM RNC CTA,Cambridge - New Home Const - Sales
P100018000,C100018000,BRA FSM AR / OH,Brantford - FSM AR / OH only
P100018001,C100018001,BRA ELECCOD CTA,Brantford - Res Elec COD - Sales
P100018002,C100018002,BRA ELECCOD CTS,Brantford - Res Elec COD -Ops
P100018003,C100018003,BRA WPSALES CTA,Brantford Res Water Pur Sales - Sales
P100018004,C100018004,BRA WPSALES CTS,Brantford Res Water Pur Sales - Ops
P100018005,C100018005,BRA WP CTA,Brantford Res Water Pur Rental - RMR
P100018006,C100018006,BRA WP CTS,Brantford Res Water Pur Rental - Ops
P100018007,C100018007,BRA WHSALES CTA,Brantford - Res WH Sales - Sales
P100018008,C100018008,BRA WHSALES CTS,Brantford - Res WH Sales - Ops
P100018009,C100018009,BRA HVACCOD CTA,Brantford - HVAC COD - Sales
P100018010,C100018010,BRA HVACCOD CTS,Brantford - HVAC COD - Ops
P100018011,C100018011,BRA VRPL CTA,Brantford - Vent Replacement - Sales
P100018012,C100018012,BRA VRPL CTS,Brantford - Vent Replacement - Ops
P100018013,C100018013,BRA FSM WH,Brantford - FSM WH inventory only
P100018014,C100018014,BRA RWH CTA,Brantford - Residential WH - RMR
P100018015,C100018015,BRA RWH CTS,Brantford - Residential WH - Ops
P100018016,C100018016,BRA HVACCPP CTA,Brantford - Residential HVAC CPP - RMR
P100018017,C100018017,BRA HVACCPP CTS,Brantford - Residential HVAC CPP - Ops
P100018018,C100018018,BRA RHVAC CTA,Brantford - Res Rental HVAC - RMR
P100018019,C100018019,BRA RHVAC CTS,Brantford - Res Rental HVAC - Ops
P100018020,C100018020,BRA EW CTS,Brantford - In-House Ext.Warr - Ops
P100018021,C100018021,BRA FSM HVAC,Brantford - FSM HVAC inventory only
P100018022,C100018022,BRA HVACSALE CTA,Brantford - Res HVAC Sales - Sales
P100018023,C100018023,BRA HVACSALE CTS,Brantford - Residential HVAC Sales - Ops
P100018024,C100018024,BRA GEOTHERM CTA,Brantford - Geothermal - Sales
P100018025,C100018025,BRA GEOTERM CTS,Brantford - Geothermal - Ops
P100018026,C100018026,BRA RWH CAP,Brantford - Rent WH Capital Install Cost
P100018027,C100018027,BRA RFURN CAP,Brantford - Rent Furnace Cap Costs
P100018028,C100018028,BRA TANKLESS CAP,Brantford - Tankless Waterheaters
P100018029,C100018029,BRA ELECCPP CTA,Brantford - Res Electric CPP - RMR
P100018030,C100018030,BRA ELECCPP CTS,Brantford - Res Electric CPP - Ops
P100018031,C100018031,BRA EWH CTA,Brantford - Electric WH - RMR
P100018032,C100018032,BRA EWH CTS,Brantford - Electric WH Ops     
P100018033,C100018033,BRA RHVACINSTEXP,Brantford - RHVAC Install Expense
P100018034,C100018034,BRA SHSALE CTS,Brantford - SH Sales - Ops
P100018035,C100018035,BRA RENTSH CTA,Brantford - SH Rental Service - RMR
P100018036,C100018036,BRA COM WPSALE CTS,Brantford - Comm WP Sales - Ops
P100018037,C100018037,BRA COM WHSALE CTS,Brantford - Comm WH Sales Ops
P100018038,C100018038,BRA COMM CTA,Brantford - Rental Commercial - RMR
P100018039,C100018039,BRA COMM CTS,Brantford - Rental Commercial - Ops
P100018040,C100018040,BRA COM CPP CTA,Brantford - Comm CPP RMR
P100018041,C100018041,BRA COM RHVAC CTA,Brantford - Comm RHVAC RMR
P100018042,C100018042,BRA COM RHVAC CTS,Brantford - Comm RHVAC OPS
P100018043,C100018043,BRA COMHVACSALE CTS,Brantford - Comm HVAC Sales Ops
P100018044,C100018044,BRA COMM CAP,Brantford - R-Comm-Cap Costs
P100018045,C100018045,BRA PLCOD CTA,Brantford - Res Plumb COD Sales
P100018046,C100018046,BRA PLCOD CTS,Brantford - Res Plumb COD Ops
P100018047,C100018047,BRA PLCPP CTA,Brantford - Res Plumb CPP RMR
P100018048,C100018048,BRA PLCPP CTS,Brantford - Res Plumb CPP Ops
P100018049,C100018049,BRA RELEXP CTA,Brantford - Reliance Express - RMR
P100018050,C100018050,BRA RELEXP CTS,Brantford - Reliance Express - Ops
P100018051,C100018051,BRA EWH CAP,Brantford - EWH - Cap
P100018052,C100018052,BRA WS CAP,Brantford - RW Softener Cap Insta
P100018053,C100018053,BRA SH CAP,Brantford - SH - Cap
P100018054,C100018054,BRA SHCOD CTA,Brantford - SH COD - Sales
P100018055,C100018055,BRA SHCOD CTS,Brantford - SH COD - Ops
P100018056,C100018056,BRA SHSALE CTA,Brantford - SH Sales - Sales
P100018057,C100018057,BRA SHCPP CTA,Brantford - SH CPP - Sales
P100018058,C100018058,BRA SHCPP CTS,Brantford - SH CPP - Ops
P100018059,C100018059,BRA RENTSH CTS,Brantford - SH Rental Service - Ops
P100018060,C100018060,BRA COM WPSALE CTA,Brantford - Comm WP Sales - Sales
P100018061,C100018061,BRA COM WHSALE CTA,Brantford - Comm WH Sales
P100018062,C100018062,BRA COM HVACCOD CTA,Brantford - Comm HVAC COD Sales
P100018063,C100018063,BRA COM HVACCOD CTS,Brantford - Comm HVAC COD Ops
P100018064,C100018064,BRA COM MO CTA,Brantford Comm Maint Prot - Sales
P100018065,C100018065,BRA COM MO CTS,Brantford Comm Maint Prot - Ops
P100018066,C100018066,BRA COM CPP CTS,Brantford - Comm CPP Ops
P100018067,C100018067,BRA COMHVACSALE CTA,Brantford - Comm HVAC Sales
P100018068,C100018068,BRA COM PROJ CTA,Brantford Comm Projects - Sales
P100018069,C100018069,BRA COM PROJ CTS,Brantford - Commercial Projects - Ops
P100018070,C100018070,BRA COMMRHVAC CAP,Brantford - RHVAC-Comm-Cap Costs
P100018071,C100018071,BRA PLRNC CTA,Brantford - Plumbing New Const- Sales
P100018072,C100018072,BRA PLRNC CTS,Brantford - Plumbing New Const- Ops
P100018073,C100018073,BRA AH CAP,Brantford - Rent Air Handler - Cap
P100018075,C100018075,BRA COM PLCOD CTA,Brantford - Comm Plumbing COD Sales
P100018076,C100018076,BRA COM PLCOD CTS,Brantford - Comm Plumbing COD Ops
P100018077,C100018077,BRA DWHR CAP,Brantford - DWHR - Cap
P100018078,C100018078,BRA RSPEC CAP,Brantford Rent Special Cap
P100018079,C100018079,BRA CPPSALE CTS,Brantford - Hem.-R-Ser-HPP - Ops
P100018080,C100018080,BRA CPPSALE CTA,Brantford - Hem.-R-Ser-HPP - Sales
P100018081,C100018081,BRA EW CTA,Brantford - In-House Ext.Warr - Sales
P100018082,C100018082,BRA RNC CTS,Brantford - New Home Const - Ops
P100018083,C100018083,BRA RNC CTA,Brantford - New Home Const - Sales
P100019000,C100019000,LON FSM AR / OH,London - FSM AR / OH only
P100019001,C100019001,LON ELECCOD CTA,London - Res Elec COD - Sales
P100019002,C100019002,LON ELECCOD CTS,London - Res Elec COD -Ops
P100019003,C100019003,LON WPSALES CTA,London Res Water Pur Sales - Sales
P100019004,C100019004,LON WPSALES CTS,London Res Water Pur Sales - Ops
P100019005,C100019005,LON WP CTA,London Res Water Pur Rental - RMR
P100019006,C100019006,LON WP CTS,London Res Water Pur Rental - Ops
P100019007,C100019007,LON WHSALES CTS,London - Res WH Sales - Ops
P100019008,C100019008,LON HVACCOD CTA,London - HVAC COD - Sales
P100019009,C100019009,LON HVACCOD CTS,London - HVAC COD - Ops
P100019010,C100019010,LON VRPL CTA,London - Vent Replacement - Sales
P100019011,C100019011,LON VRPL CTS,London - Vent Replacement - Ops
P100019012,C100019012,LON FSM WH,London - FSM WH inventory only
P100019013,C100019013,LON RWH CTA,London - Residential WH - RMR
P100019014,C100019014,LON RWH CTS,London - Residential WH - Ops
P100019015,C100019015,LON HVACCPP CTA,London - Residential HVAC CPP - RMR
P100019016,C100019016,LON HVACCPP CTS,London - Residential HVAC CPP - Ops
P100019017,C100019017,LON RHVAC CTA,London - Residential Rental HVAC - RMR
P100019018,C100019018,LON RHVAC CTS,London - Residential Rental HVAC - Ops
P100019019,C100019019,LON EW CTS,London - In-House Ext.Warr - Ops
P100019020,C100019020,LON FSM HVAC,London - FSM HVAC inventory only
P100019021,C100019021,LON HVACSALE CTA,London - Residential HVAC Sales - Sales
P100019022,C100019022,LON HVACSALE CTS,London - Residential HVAC Sales - Ops
P100019023,C100019023,LON GEOTHERM CTA,London - Geothermal - Sales
P100019024,C100019024,LON GEOTERM CTS,London - Geothermal - Ops
P100019025,C100019025,LON RWH CAP,London - Rent WH Capital Install Cost
P100019026,C100019026,LON RFURN CAP,London - Rent Furnace Cap Costs
P100019027,C100019027,LON TANKLESS CAP,London - Tankless Waterheaters
P100019028,C100019028,LON ELECCPP CTA,London - Res Electric CPP - RMR
P100019029,C100019029,LON ELECCPP CTS,London - Res Electric CPP - Ops
P100019030,C100019030,LON EWH CTA,London - Electric WH - RMR
P100019031,C100019031,LON EWH CTS,London - Electric WH Ops     
P100019032,C100019032,LON RHVACINSTEXP,London - RHVAC Install Expense
P100019033,C100019033,LON SHSALE CTS,London - SH Sales - Ops
P100019034,C100019034,LON RENTSH CTA,London - SH Rental Service - RMR
P100019035,C100019035,LON COM WHSALE CTS,London - Comm WH Sales Ops
P100019036,C100019036,LON COM HVACCOD CTS,London - Comm HVAC COD Ops
P100019037,C100019037,LON COMM CTA,London - Rental Commercial - RMR
P100019038,C100019038,LON COMM CTS,London - Rental Commercial - Ops
P100019039,C100019039,LON COM MO CTS,London Comm Maint Prot - Ops
P100019040,C100019040,LON COM RHVAC CTA,London - Comm RHVAC RMR
P100019041,C100019041,LON COM RHVAC CTS,London - Comm RHVAC OPS
P100019042,C100019042,LON COMHVACSALE CTS,London - Comm HVAC Sales Ops
P100019043,C100019043,LON COMM CAP,London - R-Comm-Cap Costs
P100019044,C100019044,LON PLCOD CTA,London - Res Plumb COD Sales
P100019045,C100019045,LON PLCOD CTS,London - Res Plumb COD Ops
P100019046,C100019046,LON PLCPP CTA,London - Res Plumb CPP RMR
P100019047,C100019047,LON PLCPP CTS,London - Res Plumb CPP Ops
P100019048,C100019048,LON RELEXP CTA,London - Reliance Express - RMR
P100019049,C100019049,LON RELEXP CTS,London - Reliance Express - Ops
P100019050,C100019050,LON WHSALES CTA,London - Res WH Sales - Sales
P100019051,C100019051,LON EWH CAP,London - EWH - Cap
P100019052,C100019052,LON WS CAP,London - RW Softener Cap Insta
P100019053,C100019053,LON SH CAP,London - SH - Cap
P100019054,C100019054,LON SHCOD CTA,London - SH COD - Sales
P100019055,C100019055,LON SHCOD CTS,London - SH COD - Ops
P100019056,C100019056,LON SHSALE CTA,London - SH Sales - Sales
P100019057,C100019057,LON SHCPP CTA,London - SH CPP - Sales
P100019058,C100019058,LON SHCPP CTS,London - SH CPP - Ops
P100019059,C100019059,LON RENTSH CTS,London - SH Rental Service - Ops
P100019060,C100019060,LON COM WPSALE CTA,London - Comm WP Sales - Sales
P100019061,C100019061,LON COM WPSALE CTS,London - Comm WP Sales - Ops
P100019062,C100019062,LON COM WHSALE CTA,London - Comm WH Sales
P100019063,C100019063,LON COM HVACCOD CTA,London - Comm HVAC COD Sales
P100019064,C100019064,LON COM MO CTA,London Comm Maint Prot - Sales
P100019065,C100019065,LON COM CPP CTA,London - Comm CPP RMR
P100019066,C100019066,LON COM CPP CTS,London - Comm CPP Ops
P100019067,C100019067,LON COMHVACSALE CTA,London - Comm HVAC Sales
P100019068,C100019068,LON COM PROJ CTA,London Comm Projects - Sales
P100019069,C100019069,LON COM PROJ CTS,London - Commercial Projects - Ops
P100019070,C100019070,LON COMMRHVAC CAP,London - RHVAC-Comm-Cap Costs
P100019071,C100019071,LON PLRNC CTA,London - Plumbing New Const- Sales
P100019072,C100019072,LON PLRNC CTS,London - Plumbing New Const- Ops
P100019073,C100019073,LON CPPSALE CTA,London - Hem.-R-Ser-HPP - Sales
P100019074,C100019074,LON AH CAP,London - Rent Air Handler - Cap
P100019076,C100019076,LON COM PLCOD CTA,London - Comm Plumbing COD Sales
P100019077,C100019077,LON COM PLCOD CTS,London - Comm Plumbing COD Ops
P100019078,C100019078,LON DWHR CAP,London - DWHR - Cap
P100019079,C100019079,LON RSPEC CAP,London Rent Special Cap
P100019080,C100019080,LON CPPSALE CTS,London - Hem.-R-Ser-HPP - Ops
P100019081,C100019081,LON EW CTA,London - In-House Ext.Warr - Sales
P100019082,C100019082,LON RNC CTS,London - New Home Const - Ops
P100019083,C100019083,LON RNC CTA,London - New Home Const - Sales
P100020000,C100020000,SAR FSM AR / OH,Sarnia - FSM AR / OH only
P100020001,C100020001,SAR ELECCOD CTA,Sarnia - Res Elec COD - Sales
P100020002,C100020002,SAR ELECCOD CTS,Sarnia - Res Elec COD -Ops
P100020003,C100020003,SAR WPSALES CTA,Sarnia Res Water Pur Sales - Sales
P100020004,C100020004,SAR WPSALES CTS,Sarnia Res Water Pur Sales - Ops
P100020005,C100020005,SAR WP CTA,Sarnia Res Water Pur Rental - RMR
P100020006,C100020006,SAR WP CTS,Sarnia Res Water Pur Rental - Ops
P100020007,C100020007,SAR WHSALES CTS,Sarnia - Res WH Sales - Ops
P100020008,C100020008,SAR HVACCOD CTA,Sarnia - HVAC COD - Sales
P100020009,C100020009,SAR HVACCOD CTS,Sarnia - HVAC COD - Ops
P100020010,C100020010,SAR VRPL CTA,Sarnia - Vent Replacement - Sales
P100020011,C100020011,SAR VRPL CTS,Sarnia - Vent Replacement - Ops
P100020012,C100020012,SAR FSM WH,Sarnia - FSM WH inventory only
P100020013,C100020013,SAR RWH CTA,Sarnia - Residential WH - RMR
P100020014,C100020014,SAR RWH CTS,Sarnia - Residential WH - Ops
P100020015,C100020015,SAR HVACCPP CTA,Sarnia - Residential HVAC CPP - RMR
P100020016,C100020016,SAR HVACCPP CTS,Sarnia - Residential HVAC CPP - Ops
P100020017,C100020017,SAR RHVAC CTA,Sarnia - Residential Rental HVAC - RMR
P100020018,C100020018,SAR RHVAC CTS,Sarnia - Residential Rental HVAC - Ops
P100020019,C100020019,SAR EW CTS,Sarnia - In-House Ext.Warr - Ops
P100020020,C100020020,SAR FSM HVAC,Sarnia - FSM HVAC inventory only
P100020021,C100020021,SAR HVACSALE CTA,Sarnia - Residential HVAC Sales - Sales
P100020022,C100020022,SAR HVACSALE CTS,Sarnia - Residential HVAC Sales - Ops
P100020023,C100020023,SAR GEOTHERM CTA,Sarnia - Geothermal - Sales
P100020024,C100020024,SAR GEOTERM CTS,Sarnia - Geothermal - Ops
P100020025,C100020025,SAR RFURN CAP,Sarnia - Rent Furnace Cap Costs
P100020026,C100020026,SAR TANKLESS CAP,Sarnia - Tankless Waterheaters
P100020027,C100020027,SAR ELECCPP CTA,Sarnia - Res Electric CPP - RMR
P100020028,C100020028,SAR ELECCPP CTS,Sarnia - Res Electric CPP - Ops
P100020029,C100020029,SAR EWH CTA,Sarnia - Electric WH - RMR
P100020030,C100020030,SAR EWH CTS,Sarnia - Electric WH Ops     
P100020031,C100020031,SAR RHVACINSTEXP,Sarnia - RHVAC Install Expense
P100020032,C100020032,SAR SHSALE CTS,Sarnia - SH Sales - Ops
P100020033,C100020033,SAR RENTSH CTA,Sarnia - SH Rental Service - RMR
P100020034,C100020034,SAR COM WHSALE CTS,Sarnia - Comm WH Sales Ops
P100020035,C100020035,SAR COM HVACCOD CTS,Sarnia - Comm HVAC COD Ops
P100020036,C100020036,SAR COMM CTA,Sarnia - Rental Commercial - RMR
P100020037,C100020037,SAR COMM CTS,Sarnia - Rental Commercial - Ops
P100020038,C100020038,SAR COM CPP CTA,Sarnia - Comm CPP RMR
P100020039,C100020039,SAR COM RHVAC CTA,Sarnia - Comm RHVAC RMR
P100020040,C100020040,SAR COM RHVAC CTS,Sarnia - Comm RHVAC OPS
P100020041,C100020041,SAR COMHVACSALE CTS,Sarnia - Comm HVAC Sales Ops
P100020042,C100020042,SAR COM PROJ CTA,Sarnia Comm Projects - Sales
P100020043,C100020043,SAR COM PROJ CTS,Sarnia - Commercial Projects - Ops
P100020044,C100020044,SAR PLCOD CTA,Sarnia - Res Plumb COD Sales
P100020045,C100020045,SAR PLCOD CTS,Sarnia - Res Plumb COD Ops
P100020046,C100020046,SAR PLCPP CTA,Sarnia - Res Plumb CPP RMR
P100020047,C100020047,SAR PLCPP CTS,Sarnia - Res Plumb CPP Ops
P100020048,C100020048,SAR RELEXP CTA,Sarnia - Reliance Express - RMR
P100020049,C100020049,SAR RELEXP CTS,Sarnia - Reliance Express - Ops
P100020050,C100020050,SAR WHSALES CTA,Sarnia - Res WH Sales - Sales
P100020051,C100020051,SAR RWH CAP,Sarnia - Rent WH Capital Install Cost
P100020052,C100020052,SAR EWH CAP,Sarnia - EWH - Cap
P100020053,C100020053,SAR WS CAP,Sarnia - RW Softener Cap Insta
P100020054,C100020054,SAR SH CAP,Sarnia - SH - Cap
P100020055,C100020055,SAR SHCOD CTA,Sarnia - SH COD - Sales
P100020056,C100020056,SAR SHCOD CTS,Sarnia - SH COD - Ops
P100020057,C100020057,SAR SHSALE CTA,Sarnia - SH Sales - Sales
P100020058,C100020058,SAR SHCPP CTA,Sarnia - SH CPP - Sales
P100020059,C100020059,SAR SHCPP CTS,Sarnia - SH CPP - Ops
P100020060,C100020060,SAR RENTSH CTS,Sarnia - SH Rental Service - Ops
P100020061,C100020061,SAR COM WPSALE CTA,Sarnia - Comm WP Sales - Sales
P100020062,C100020062,SAR COM WPSALE CTS,Sarnia - Comm WP Sales - Ops
P100020063,C100020063,SAR COM WHSALE CTA,Sarnia - Comm WH Sales
P100020064,C100020064,SAR COM HVACCOD CTA,Sarnia - Comm HVAC COD Sales
P100020065,C100020065,SAR COM MO CTA,Sarnia Comm Maint Prot - Sales
P100020066,C100020066,SAR COM MO CTS,Sarnia Comm Maint Prot - Ops
P100020067,C100020067,SAR COM CPP CTS,Sarnia - Comm CPP Ops
P100020068,C100020068,SAR COMHVACSALE CTA,Sarnia - Comm HVAC Sales
P100020069,C100020069,SAR COMM CAP,Sarnia - R-Comm-Cap Costs
P100020070,C100020070,SAR COMMRHVAC CAP,Sarnia - RHVAC-Comm-Cap Costs
P100020071,C100020071,SAR PLRNC CTA,Sarnia - Plumbing New Const- Sales
P100020072,C100020072,SAR PLRNC CTS,Sarnia - Plumbing New Const- Ops
P100020073,C100020073,SAR CPPSALE CTA,Sarnia - Hem.-R-Ser-HPP - Sales
P100020074,C100020074,SAR AH CAP,Sarnia - Rent Air Handler - Cap
P100020076,C100020076,SAR COM PLCOD CTA,Sarnia - Comm Plumbing COD Sales
P100020077,C100020077,SAR COM PLCOD CTS,Sarnia - Comm Plumbing COD Ops
P100020078,C100020078,SAR DWHR CAP,Sarnia - DWHR - Cap
P100020079,C100020079,SAR RSPEC CAP,Sarnia Rent Special Cap
P100020080,C100020080,SAR CPPSALE CTS,Sarnia - Hem.-R-Ser-HPP - Ops
P100020081,C100020081,SAR EW CTA,Sarnia - In-House Ext.Warr - Sales
P100020082,C100020082,SAR RNC CTS,Sarnia - New Home Const - Ops
P100020083,C100020083,SAR RNC CTA,Sarnia - New Home Const - Sales
P100021000,C100021000,WIN FSM AR / OH,Windsor - FSM AR / OH only
P100021001,C100021001,WIN ELECCOD CTA,Windsor - Res Elec COD - Sales
P100021002,C100021002,WIN ELECCOD CTS,Windsor - Res Elec COD -Ops
P100021003,C100021003,WIN WPSALES CTS,Windsor Res Water Pur Sales - Ops
P100021004,C100021004,WIN WP CTA,Windsor Res Water Pur Rental - RMR
P100021005,C100021005,WIN WP CTS,Windsor Res Water Pur Rental - Ops
P100021006,C100021006,WIN WHSALES CTA,Windsor - Res WH Sales - Sales
P100021007,C100021007,WIN WHSALES CTS,Windsor - Res WH Sales - Ops
P100021008,C100021008,WIN HVACCOD CTA,Windsor - HVAC COD - Sales
P100021009,C100021009,WIN HVACCOD CTS,Windsor - HVAC COD - Ops
P100021010,C100021010,WIN VRPL CTA,Windsor - Vent Replacement - Sales
P100021011,C100021011,WIN VRPL CTS,Windsor - Vent Replacement - Ops
P100021012,C100021012,WIN FSM WH,Windsor - FSM WH inventory only
P100021013,C100021013,WIN RWH CTA,Windsor - Residential WH - RMR
P100021014,C100021014,WIN RWH CTS,Windsor - Residential WH - Ops
P100021015,C100021015,WIN HVACCPP CTA,Windsor - Residential HVAC CPP - RMR
P100021016,C100021016,WIN HVACCPP CTS,Windsor - Residential HVAC CPP - Ops
P100021017,C100021017,WIN RHVAC CTA,Windsor - Residential Rental HVAC - RMR
P100021018,C100021018,WIN RHVAC CTS,Windsor - Residential Rental HVAC - Ops
P100021019,C100021019,WIN EW CTS,Windsor - In-House Ext.Warr - Ops
P100021020,C100021020,WIN FSM HVAC,Windsor - FSM HVAC inventory only
P100021021,C100021021,WIN HVACSALE CTA,Windsor - Residential HVAC Sales - Sales
P100021022,C100021022,WIN HVACSALE CTS,Windsor - Residential HVAC Sales - Ops
P100021023,C100021023,WIN GEOTHERM CTA,Windsor - Geothermal - Sales
P100021024,C100021024,WIN GEOTERM CTS,Windsor - Geothermal - Ops
P100021025,C100021025,WIN RWH CAP,Windsor - Rent WH Capital Install Cost
P100021026,C100021026,WIN TANKLESS CAP,Windsor - Tankless Waterheaters
P100021027,C100021027,WIN ELECCPP CTA,Windsor - Res Electric CPP - RMR
P100021028,C100021028,WIN ELECCPP CTS,Windsor - Res Electric CPP - Ops
P100021029,C100021029,WIN EWH CTA,Windsor - Electric WH - RMR
P100021030,C100021030,WIN EWH CTS,Windsor - Electric WH Ops     
P100021031,C100021031,WIN RHVACINSTEXP,Windsor - RHVAC Install Expense
P100021032,C100021032,WIN SHSALE CTS,Windsor - SH Sales - Ops
P100021033,C100021033,WIN RENTSH CTA,Windsor - SH Rental Service - RMR
P100021034,C100021034,WIN COM WHSALE CTS,Windsor - Comm WH Sales Ops
P100021035,C100021035,WIN COM HVACCOD CTS,Windsor - Comm HVAC COD Ops
P100021036,C100021036,WIN COMM CTA,Windsor - Rental Commercial - RMR
P100021037,C100021037,WIN COMM CTS,Windsor - Rental Commercial - Ops
P100021038,C100021038,WIN COM RHVAC CTA,Windsor - Comm RHVAC RMR
P100021039,C100021039,WIN COM RHVAC CTS,Windsor - Comm RHVAC OPS
P100021040,C100021040,WIN COMHVACSALE CTS,Windsor - Comm HVAC Sales Ops
P100021041,C100021041,WIN COMM CAP,Windsor - R-Comm-Cap Costs
P100021042,C100021042,WIN PLCOD CTA,Windsor - Res Plumb COD Sales
P100021043,C100021043,WIN PLCOD CTS,Windsor - Res Plumb COD Ops
P100021044,C100021044,WIN PLCPP CTA,Windsor - Res Plumb CPP RMR
P100021045,C100021045,WIN PLCPP CTS,Windsor - Res Plumb CPP Ops
P100021046,C100021046,WIN RELEXP CTA,Windsor - Reliance Express - RMR
P100021047,C100021047,WIN RELEXP CTS,Windsor - Reliance Express - Ops
P100021048,C100021048,WIN WPSALES CTA,Windsor Res Water Pur Sales - Sales
P100021049,C100021049,WIN RFURN CAP,Windsor - Rent Furnace Cap Costs
P100021050,C100021050,WIN EWH CAP,Windsor - EWH - Cap
P100021051,C100021051,WIN WS CAP,Windsor - RW Softener Cap Insta
P100021052,C100021052,WIN SH CAP,Windsor - SH - Cap
P100021053,C100021053,WIN SHCOD CTA,Windsor - SH COD - Sales
P100021054,C100021054,WIN SHCOD CTS,Windsor - SH COD - Ops
P100021055,C100021055,WIN SHSALE CTA,Windsor - SH Sales - Sales
P100021056,C100021056,WIN SHCPP CTA,Windsor - SH CPP - Sales
P100021057,C100021057,WIN SHCPP CTS,Windsor - SH CPP - Ops
P100021058,C100021058,WIN RENTSH CTS,Windsor - SH Rental Service - Ops
P100021059,C100021059,WIN COM WPSALE CTA,Windsor - Comm WP Sales - Sales
P100021060,C100021060,WIN COM WPSALE CTS,Windsor - Comm WP Sales - Ops
P100021061,C100021061,WIN COM WHSALE CTA,Windsor - Comm WH Sales
P100021062,C100021062,WIN COM HVACCOD CTA,Windsor - Comm HVAC COD Sales
P100021063,C100021063,WIN COM MO CTA,Windsor Comm Maint Prot - Sales
P100021064,C100021064,WIN COM MO CTS,Windsor Comm Maint Prot - Ops
P100021065,C100021065,WIN COM CPP CTA,Windsor - Comm CPP RMR
P100021066,C100021066,WIN COM CPP CTS,Windsor - Comm CPP Ops
P100021067,C100021067,WIN COMHVACSALE CTA,Windsor - Comm HVAC Sales
P100021068,C100021068,WIN COM PROJ CTA,Windsor Comm Projects - Sales
P100021069,C100021069,WIN COM PROJ CTS,Windsor - Commercial Projects - Ops
P100021070,C100021070,WIN COMMRHVAC CAP,Windsor - RHVAC-Comm-Cap Costs
P100021071,C100021071,WIN PLRNC CTA,Windsor - Plumbing New Const- Sales
P100021072,C100021072,WIN PLRNC CTS,Windsor - Plumbing New Const- Ops
P100021073,C100021073,WIN CPPSALE CTA,Windsor - Hem.-R-Ser-HPP - Sales
P100021074,C100021074,WIN AH CAP,Windsor - Rent Air Handler - Cap
P100021076,C100021076,WIN COM PLCOD CTA,Windsor - Comm Plumbing COD Sales
P100021077,C100021077,WIN COM PLCOD CTS,Windsor - Comm Plumbing COD Ops
P100021078,C100021078,WIN DWHR CAP,Windsor - DWHR - Cap
P100021079,C100021079,WIN RSPEC CAP,Windsor Rent Special Cap
P100021080,C100021080,WIN CPPSALE CTS,Windsor - Hem.-R-Ser-HPP - Ops
P100021081,C100021081,WIN EW CTA,Windsor - In-House Ext.Warr - Sales
P100021082,C100021082,WIN RNC CTS,Windsor - New Home Const - Ops
P100021083,C100021083,WIN RNC CTA,Windsor - New Home Const - Sales
P100022000,C100022000,DUR FSM AR / OH,Durham - FSM AR / OH only
P100022001,C100022001,DUR ELECCOD CTA,Durham - Res Elec COD - Sales
P100022002,C100022002,DUR ELECCOD CTS,Durham - Res Elec COD -Ops
P100022003,C100022003,DUR WPSALES CTS,Durham Res Water Pur Sales - Ops
P100022004,C100022004,DUR WP CTA,Durham Res Water Pur Rental - RMR
P100022005,C100022005,DUR WP CTS,Durham Res Water Pur Rental - Ops
P100022006,C100022006,DUR WHSALES CTA,Durham - Res WH Sales - Sales
P100022007,C100022007,DUR WHSALES CTS,Durham - Res WH Sales - Ops
P100022008,C100022008,DUR HVACCOD CTA,Durham - HVAC COD - Sales
P100022009,C100022009,DUR HVACCOD CTS,Durham - HVAC COD - Ops
P100022010,C100022010,DUR VRPL CTA,Durham - Vent Replacement - Sales
P100022011,C100022011,DUR VRPL CTS,Durham - Vent Replacement - Ops
P100022012,C100022012,DUR FSM WH,Durham - FSM WH inventory only
P100022013,C100022013,DUR RWH CTA,Durham - Residential WH - RMR
P100022014,C100022014,DUR RWH CTS,Durham - Residential WH - Ops
P100022015,C100022015,DUR HVACCPP CTA,Durham - Residential HVAC CPP - RMR
P100022016,C100022016,DUR HVACCPP CTS,Durham - Residential HVAC CPP - Ops
P100022017,C100022017,DUR RHVAC CTA,Durham - Residential Rental HVAC - RMR
P100022018,C100022018,DUR RHVAC CTS,Durham - Residential Rental HVAC - Ops
P100022019,C100022019,DUR EW CTS,Durham - In-House Ext.Warr - Ops
P100022020,C100022020,DUR FSM HVAC,Durham - FSM HVAC inventory only
P100022021,C100022021,DUR HVACSALE CTA,Durham - Residential HVAC Sales - Sales
P100022022,C100022022,DUR HVACSALE CTS,Durham - Residential HVAC Sales - Ops
P100022023,C100022023,DUR RNC CTS,Durham - New Home Const - Ops
P100022024,C100022024,DUR GEOTHERM CTA,Durham - Geothermal - Sales
P100022025,C100022025,DUR GEOTERM CTS,Durham - Geothermal - Ops
P100022026,C100022026,DUR TANKLESS CAP,Durham - Tankless Waterheaters
P100022027,C100022027,DUR ELECCPP CTA,Durham - Res Electric CPP - RMR
P100022028,C100022028,DUR ELECCPP CTS,Durham - Res Electric CPP - Ops
P100022029,C100022029,DUR EWH CTA,Durham - Electric WH - RMR
P100022030,C100022030,DUR EWH CTS,Durham - Electric WH Ops     
P100022031,C100022031,DUR RHVACINSTEXP,Durham - RHVAC Install Expense
P100022032,C100022032,DUR SHCOD CTS,Durham - SH COD - Ops
P100022033,C100022033,DUR SHSALE CTS,Durham - SH Sales - Ops
P100022034,C100022034,DUR RENTSH CTA,Durham - SH Rental Service - RMR
P100022035,C100022035,DUR COM WHSALE CTS,Durham - Comm WH Sales Ops
P100022036,C100022036,DUR COM HVACCOD CTS,Durham - Comm HVAC COD Ops
P100022037,C100022037,DUR COMM CTA,Durham - Rental Commercial - RMR
P100022038,C100022038,DUR COMM CTS,Durham - Rental Commercial - Ops
P100022039,C100022039,DUR COM RHVAC CTA,Durham - Comm RHVAC RMR
P100022040,C100022040,DUR COM RHVAC CTS,Durham - Comm RHVAC OPS
P100022041,C100022041,DUR COMM CAP,Durham - R-Comm-Cap Costs
P100022042,C100022042,DUR PLCOD CTA,Durham - Res Plumb COD Sales
P100022043,C100022043,DUR PLCOD CTS,Durham - Res Plumb COD Ops
P100022044,C100022044,DUR PLCPP CTA,Durham - Res Plumb CPP RMR
P100022045,C100022045,DUR PLCPP CTS,Durham - Res Plumb CPP Ops
P100022046,C100022046,DUR RELEXP CTA,Durham - Reliance Express - RMR
P100022047,C100022047,DUR RELEXP CTS,Durham - Reliance Express - Ops
P100022048,C100022048,DUR WPSALES CTA,Durham Res Water Pur Sales - Sales
P100022049,C100022049,DUR RWH CAP,Durham - Rent WH Capital Install Cost
P100022050,C100022050,DUR RFURN CAP,Durham - Rent Furnace Cap Costs
P100022051,C100022051,DUR EWH CAP,Durham - EWH - Cap
P100022052,C100022052,DUR WS CAP,Durham - RW Softener Cap Insta
P100022053,C100022053,DUR SH CAP,Durham - SH - Cap
P100022054,C100022054,DUR SHCOD CTA,Durham - SH COD - Sales
P100022055,C100022055,DUR SHSALE CTA,Durham - SH Sales - Sales
P100022056,C100022056,DUR SHCPP CTA,Durham - SH CPP - Sales
P100022057,C100022057,DUR SHCPP CTS,Durham - SH CPP - Ops
P100022058,C100022058,DUR RENTSH CTS,Durham - SH Rental Service - Ops
P100022059,C100022059,DUR COM WPSALE CTA,Durham - Comm WP Sales - Sales
P100022060,C100022060,DUR COM WPSALE CTS,Durham - Comm WP Sales - Ops
P100022061,C100022061,DUR COM WHSALE CTA,Durham - Comm WH Sales
P100022062,C100022062,DUR COM HVACCOD CTA,Durham - Comm HVAC COD Sales
P100022063,C100022063,DUR COM MO CTA,Durham Comm Maint Prot - Sales
P100022064,C100022064,DUR COM MO CTS,Durham Comm Maint Prot - Ops
P100022065,C100022065,DUR COM CPP CTA,Durham - Comm CPP RMR
P100022066,C100022066,DUR COM CPP CTS,Durham - Comm CPP Ops
P100022067,C100022067,DUR COMHVACSALE CTA,Durham - Comm HVAC Sales
P100022068,C100022068,DUR COMHVACSALE CTS,Durham - Comm HVAC Sales Ops
P100022069,C100022069,DUR COM PROJ CTA,Durham Comm Projects - Sales
P100022070,C100022070,DUR COM PROJ CTS,Durham - Commercial Projects - Ops
P100022071,C100022071,DUR COMMRHVAC CAP,Durham - RHVAC-Comm-Cap Costs
P100022072,C100022072,DUR PLRNC CTA,Durham - Plumbing New Const- Sales
P100022073,C100022073,DUR PLRNC CTS,Durham - Plumbing New Const- Ops
P100022074,C100022074,DUR AH CAP,Durham - Rent Air Handler - Cap
P100022076,C100022076,DUR COM PLCOD CTA,Durham - Comm Plumbing COD Sales
P100022077,C100022077,DUR COM PLCOD CTS,Durham - Comm Plumbing COD Ops
P100022078,C100022078,DUR DWHR CAP,Durham - DWHR - Cap
P100022079,C100022079,DUR RSPEC CAP,Durham Rent Special Cap
P100022080,C100022080,DUR CPPSALE CTS,Durham - Hem.-R-Ser-HPP - Ops
P100022081,C100022081,DUR CPPSALE CTA,Durham - Hem.-R-Ser-HPP - Sales
P100022082,C100022082,DUR EW CTA,Durham - In-House Ext.Warr - Sales
P100022083,C100022083,DUR RNC CTA,Durham - New Home Const - Sales
P100023000,C100023000,KIN FSM AR / OH,Kingston - FSM AR / OH only
P100023001,C100023001,KIN ELECCOD CTA,Kingston - Res Elec COD - Sales
P100023002,C100023002,KIN ELECCOD CTS,Kingston - Res Elec COD -Ops
P100023003,C100023003,KIN WPSALES CTS,Kingston Res Water Pur Sales - Ops
P100023004,C100023004,KIN WP CTA,Kingston Res Water Pur Rental - RMR
P100023005,C100023005,KIN WP CTS,Kingston Res Water Pur Rental - Ops
P100023006,C100023006,KIN WHSALES CTA,Kingston - Res WH Sales - Sales
P100023007,C100023007,KIN WHSALES CTS,Kingston - Res WH Sales - Ops
P100023008,C100023008,KIN HVACCOD CTA,Kingston - HVAC COD - Sales
P100023009,C100023009,KIN HVACCOD CTS,Kingston - HVAC COD - Ops
P100023010,C100023010,KIN VRPL CTA,Kingston - Vent Replacement - Sales
P100023011,C100023011,KIN VRPL CTS,Kingston - Vent Replacement - Ops
P100023012,C100023012,KIN FSM WH,Kingston - FSM WH inventory only
P100023013,C100023013,KIN RWH CTA,Kingston - Residential WH - RMR
P100023014,C100023014,KIN RWH CTS,Kingston - Residential WH - Ops
P100023015,C100023015,KIN HVACCPP CTA,Kingston - Residential HVAC CPP - RMR
P100023016,C100023016,KIN HVACCPP CTS,Kingston - Residential HVAC CPP - Ops
P100023017,C100023017,KIN RHVAC CTA,Kingston - Residential Rental HVAC - RMR
P100023018,C100023018,KIN RHVAC CTS,Kingston - Residential Rental HVAC - Ops
P100023019,C100023019,KIN EW CTS,Kingston - In-House Ext.Warr - Ops
P100023020,C100023020,KIN FSM HVAC,Kingston - FSM HVAC inventory only
P100023021,C100023021,KIN HVACSALE CTA,Kingston - Res HVAC Sales - Sales
P100023022,C100023022,KIN HVACSALE CTS,Kingston - Residential HVAC Sales - Ops
P100023023,C100023023,KIN RNC CTS,Kingston - New Home Const - Ops
P100023024,C100023024,KIN RWH CAP,Kingston - Rent WH Capital Install Cost
P100023025,C100023025,KIN RFURN CAP,Kingston - Rent Furnace Cap Costs
P100023026,C100023026,KIN TANKLESS CAP,Kingston - Tankless Waterheaters
P100023027,C100023027,KIN ELECCPP CTA,Kingston - Res Electric CPP - RMR
P100023028,C100023028,KIN ELECCPP CTS,Kingston - Res Electric CPP - Ops
P100023029,C100023029,KIN EWH CTA,Kingston - Electric WH - RMR
P100023030,C100023030,KIN EWH CTS,Kingston - Electric WH Ops     
P100023031,C100023031,KIN RHVACINSTEXP,Kingston - RHVAC Install Expense
P100023032,C100023032,KIN SHSALE CTS,Kingston - SH Sales - Ops
P100023033,C100023033,KIN COM HVACCOD CTS,Kingston - Comm HVAC COD Ops
P100023034,C100023034,KIN COMM CTA,Kingston - Rental Commercial - RMR
P100023035,C100023035,KIN COMM CTS,Kingston - Rental Commercial - Ops
P100023036,C100023036,KIN COM RHVAC CTA,Kingston - Comm RHVAC RMR
P100023037,C100023037,KIN COM RHVAC CTS,Kingston - Comm RHVAC OPS
P100023038,C100023038,KIN COMHVACSALE CTS,Kingston - Comm HVAC Sales Ops
P100023039,C100023039,KIN COMM CAP,Kingston - R-Comm-Cap Costs
P100023040,C100023040,KIN PLCOD CTA,Kingston - Res Plumb COD Sales
P100023041,C100023041,KIN PLCOD CTS,Kingston - Res Plumb COD Ops
P100023042,C100023042,KIN PLCPP CTA,Kingston - Res Plumb CPP RMR
P100023043,C100023043,KIN PLCPP CTS,Kingston - Res Plumb CPP Ops
P100023044,C100023044,KIN RELEXP CTA,Kingston - Reliance Express - RMR
P100023045,C100023045,KIN RELEXP CTS,Kingston - Reliance Express - Ops
P100023046,C100023046,KIN WPSALES CTA,Kingston Res Water Pur Sales - Sales
P100023047,C100023047,KIN GEOTHERM CTA,Kingston - Geothermal - Sales
P100023048,C100023048,KIN GEOTERM CTS,Kingston - Geothermal - Ops
P100023049,C100023049,KIN EWH CAP,Kingston - EWH - Cap
P100023050,C100023050,KIN WS CAP,Kingston - RW Softener Cap Insta
P100023051,C100023051,KIN SH CAP,Kingston - SH - Cap
P100023052,C100023052,KIN SHCOD CTA,Kingston - SH COD - Sales
P100023053,C100023053,KIN SHCOD CTS,Kingston - SH COD - Ops
P100023054,C100023054,KIN SHSALE CTA,Kingston - SH Sales - Sales
P100023055,C100023055,KIN SHCPP CTA,Kingston - SH CPP - Sales
P100023056,C100023056,KIN SHCPP CTS,Kingston - SH CPP - Ops
P100023057,C100023057,KIN RENTSH CTA,Kingston - SH Rental Service - RMR
P100023058,C100023058,KIN RENTSH CTS,Kingston - SH Rental Service - Ops
P100023059,C100023059,KIN COM WPSALE CTA,Kingston - Comm WP Sales - Sales
P100023060,C100023060,KIN COM WPSALE CTS,Kingston - Comm WP Sales - Ops
P100023061,C100023061,KIN COM WHSALE CTA,Kingston - Comm WH Sales
P100023062,C100023062,KIN COM WHSALE CTS,Kingston - Comm WH Sales Ops
P100023063,C100023063,KIN COM HVACCOD CTA,Kingston - Comm HVAC COD Sales
P100023064,C100023064,KIN COM MO CTA,Kingston Comm Maint Prot - Sales
P100023065,C100023065,KIN COM MO CTS,Kingston Comm Maint Prot - Ops
P100023066,C100023066,KIN COM CPP CTA,Kingston - Comm CPP RMR
P100023067,C100023067,KIN COM CPP CTS,Kingston - Comm CPP Ops
P100023068,C100023068,KIN COMHVACSALE CTA,Kingston - Comm HVAC Sales
P100023069,C100023069,KIN COM PROJ CTA,Kingston Comm Projects - Sales
P100023070,C100023070,KIN COM PROJ CTS,Kingston - Commercial Projects - Ops
P100023071,C100023071,KIN COMMRHVAC CAP,Kingston - RHVAC-Comm-Cap Costs
P100023072,C100023072,KIN PLRNC CTA,Kingston - Plumbing New Const- Sales
P100023073,C100023073,KIN PLRNC CTS,Kingston - Plumbing New Const- Ops
P100023074,C100023074,KIN AH CAP,Kingston - Rent Air Handler - Cap
P100023075,C100023075,KIN DWHR CAP,Kingston - DWHR - Cap
P100023076,C100023076,KIN RSPEC CAP,Kingston Rent Special Cap
P100023078,C100023078,KIN COM PLCOD CTA,Kingston - Comm Plumbing COD Sales
P100023079,C100023079,KIN COM PLCOD CTS,Kingston - Comm Plumbing COD Ops
P100023080,C100023080,KIN CPPSALE CTS,Kingston - Hem.-R-Ser-HPP - Ops
P100023081,C100023081,KIN CPPSALE CTA,Kingston - Hem.-R-Ser-HPP - Sales
P100023082,C100023082,KIN EW CTA,Kingston - In-House Ext.Warr - Sales
P100023083,C100023083,KIN RNC CTA,Kingston - New Home Const - Sales
P100024000,C100024000,OTT FSM AR / OH,Ottawa - FSM AR / OH only
P100024001,C100024001,OTT ELECCOD CTA,Ottawa - Res Elec COD - Sales
P100024002,C100024002,OTT ELECCOD CTS,Ottawa - Res Elec COD -Ops
P100024003,C100024003,OTT WPSALES CTA,Ottawa Res Water Pur Sales - Sales
P100024004,C100024004,OTT WPSALES CTS,Ottawa Res Water Pur Sales - Ops
P100024005,C100024005,OTT WP CTA,Ottawa Res Water Pur Rental - RMR
P100024006,C100024006,OTT WP CTS,Ottawa Res Water Pur Rental - Ops
P100024007,C100024007,OTT WHSALES CTS,Ottawa - Res WH Sales - Ops
P100024008,C100024008,OTT HVACCOD CTA,Ottawa - HVAC COD - Sales
P100024009,C100024009,OTT HVACCOD CTS,Ottawa - HVAC COD - Ops
P100024010,C100024010,OTT VRPL CTA,Ottawa - Vent Replacement - Sales
P100024011,C100024011,OTT VRPL CTS,Ottawa - Vent Replacement - Ops
P100024012,C100024012,OTT FSM WH,Ottawa - FSM WH inventory only
P100024013,C100024013,OTT RWH CTA,Ottawa - Residential WH - RMR
P100024014,C100024014,OTT RWH CTS,Ottawa - Residential WH - Ops
P100024015,C100024015,OTT HVACCPP CTA,Ottawa - Residential HVAC CPP - RMR
P100024016,C100024016,OTT HVACCPP CTS,Ottawa - Residential HVAC CPP - Ops
P100024017,C100024017,OTT RHVAC CTA,Ottawa - Residential Rental HVAC - RMR
P100024018,C100024018,OTT RHVAC CTS,Ottawa - Residential Rental HVAC - Ops
P100024019,C100024019,OTT EW CTS,Ottawa - In-House Ext.Warr - Ops
P100024020,C100024020,OTT FSM HVAC,Ottawa - FSM HVAC inventory only
P100024021,C100024021,OTT HVACSALE CTA,Ottawa - Residential HVAC Sales - Sales
P100024022,C100024022,OTT HVACSALE CTS,Ottawa - Residential HVAC Sales - Ops
P100024023,C100024023,OTT RFURN CAP,Ottawa - Rent Furnace Cap Costs
P100024024,C100024024,OTT TANKLESS CAP,Ottawa - Tankless Waterheaters
P100024025,C100024025,OTT WS CAP,Ottawa - RW Softener Cap Insta
P100024026,C100024026,OTT ELECCPP CTA,Ottawa - Res Electric CPP - RMR
P100024027,C100024027,OTT ELECCPP CTS,Ottawa - Res Electric CPP - Ops
P100024028,C100024028,OTT EWH CTA,Ottawa - Electric WH - RMR
P100024029,C100024029,OTT EWH CTS,Ottawa - Electric WH Ops     
P100024030,C100024030,OTT RHVACINSTEXP,Ottawa - RHVAC Install Expense
P100024031,C100024031,OTT SHSALE CTS,Ottawa - SH Sales - Ops
P100024032,C100024032,OTT RENTSH CTA,Ottawa - SH Rental Service - RMR
P100024033,C100024033,OTT COM WHSALE CTS,Ottawa - Comm WH Sales Ops
P100024034,C100024034,OTT COM HVACCOD CTS,Ottawa - Comm HVAC COD Ops
P100024035,C100024035,OTT COMM CTA,Ottawa - Rental Commercial - RMR
P100024036,C100024036,OTT COMM CTS,Ottawa - Rental Commercial - Ops
P100024037,C100024037,OTT COM RHVAC CTA,Ottawa - Comm RHVAC RMR
P100024038,C100024038,OTT COM RHVAC CTS,Ottawa - Comm RHVAC OPS
P100024039,C100024039,OTT COMHVACSALE CTA,Ottawa - Comm HVAC Sales
P100024040,C100024040,OTT COMHVACSALE CTS,Ottawa - Comm HVAC Sales Ops
P100024041,C100024041,OTT PLCOD CTA,Ottawa - Res Plumb COD Sales
P100024042,C100024042,OTT PLCOD CTS,Ottawa - Res Plumb COD Ops
P100024043,C100024043,OTT PLCPP CTA,Ottawa - Res Plumb CPP RMR
P100024044,C100024044,OTT PLCPP CTS,Ottawa - Res Plumb CPP Ops
P100024045,C100024045,OTT RELEXP CTA,Ottawa - Reliance Express - RMR
P100024046,C100024046,OTT RELEXP CTS,Ottawa - Reliance Express - Ops
P100024047,C100024047,OTT WHSALES CTA,Ottawa - Res WH Sales - Sales
P100024048,C100024048,OTT GEOTHERM CTA,Ottawa - Geothermal - Sales
P100024049,C100024049,OTT GEOTERM CTS,Ottawa - Geothermal - Ops
P100024050,C100024050,OTT RWH CAP,Ottawa - Rent WH Capital Install Cost
P100024051,C100024051,OTT EWH CAP,Ottawa - EWH - Cap
P100024052,C100024052,OTT SH CAP,Ottawa - SH - Cap
P100024053,C100024053,OTT SHCOD CTA,Ottawa - SH COD - Sales
P100024054,C100024054,OTT SHCOD CTS,Ottawa - SH COD - Ops
P100024055,C100024055,OTT SHSALE CTA,Ottawa - SH Sales - Sales
P100024056,C100024056,OTT SHCPP CTA,Ottawa - SH CPP - Sales
P100024057,C100024057,OTT SHCPP CTS,Ottawa - SH CPP - Ops
P100024058,C100024058,OTT RENTSH CTS,Ottawa - SH Rental Service - Ops
P100024059,C100024059,OTT COM WPSALE CTA,Ottawa - Comm WP Sales - Sales
P100024060,C100024060,OTT COM WPSALE CTS,Ottawa - Comm WP Sales - Ops
P100024061,C100024061,OTT COM WHSALE CTA,Ottawa - Comm WH Sales
P100024062,C100024062,OTT COM HVACCOD CTA,Ottawa - Comm HVAC COD Sales
P100024063,C100024063,OTT COM MO CTA,Ottawa Comm Maint Prot - Sales
P100024064,C100024064,OTT COM MO CTS,Ottawa Comm Maint Prot - Ops
P100024065,C100024065,OTT COM CPP CTA,Ottawa - Comm CPP RMR
P100024066,C100024066,OTT COM CPP CTS,Ottawa - Comm CPP Ops
P100024067,C100024067,OTT COM PROJ CTA,Ottawa Comm Projects - Sales
P100024068,C100024068,OTT COM PROJ CTS,Ottawa - Commercial Projects - Ops
P100024069,C100024069,OTT COMM CAP,Ottawa - R-Comm-Cap Costs
P100024070,C100024070,OTT COMMRHVAC CAP,Ottawa - RHVAC-Comm-Cap Costs
P100024071,C100024071,OTT PLRNC CTA,Ottawa - Plumbing New Const- Sales
P100024072,C100024072,OTT PLRNC CTS,Ottawa - Plumbing New Const- Ops
P100024073,C100024073,OTT EW CTA,Ottawa - In-House Ext.Warr - Sales
P100024074,C100024074,OTT AH CAP,Ottawa - Rent Air Handler - Cap
P100024076,C100024076,OTT COM PLCOD CTA,Ottawa - Comm Plumbing COD Sales
P100024077,C100024077,OTT COM PLCOD CTS,Ottawa - Comm Plumbing COD Ops
P100024078,C100024078,OTT DWHR CAP,Ottawa - DWHR - Cap
P100024079,C100024079,OTT RSPEC CAP,Ottawa Rent Special Cap
P100024080,C100024080,OTT CPPSALE CTS,Ottawa - Hem.-R-Ser-HPP - Ops
P100024081,C100024081,OTT CPPSALE CTA,Ottawa - Hem.-R-Ser-HPP - Sales
P100024082,C100024082,OTT RNC CTS,Ottawa - New Home Const - Ops
P100024083,C100024083,OTT RNC CTA,Ottawa - New Home Const - Sales
P100025000,C100025000,SUD FSM AR / OH,Sudbury - FSM AR / OH only
P100025001,C100025001,SUD ELECCOD CTA,Sudbury - Res Elec COD - Sales
P100025002,C100025002,SUD ELECCOD CTS,Sudbury - Res Elec COD -Ops
P100025003,C100025003,SUD WPSALES CTS,Sudbury Res Water Pur Sales - Ops
P100025004,C100025004,SUD WP CTA,Sudbury Res Water Pur Rental - RMR
P100025005,C100025005,SUD WP CTS,Sudbury Res Water Pur Rental - Ops
P100025006,C100025006,SUD WHSALES CTA,Sudbury - Res WH Sales - Sales
P100025007,C100025007,SUD WHSALES CTS,Sudbury - Res WH Sales - Ops
P100025008,C100025008,SUD HVACCOD CTA,Sudbury - HVAC COD - Sales
P100025009,C100025009,SUD HVACCOD CTS,Sudbury - HVAC COD - Ops
P100025010,C100025010,SUD VRPL CTA,Sudbury - Vent Replacement - Sales
P100025011,C100025011,SUD VRPL CTS,Sudbury - Vent Replacement - Ops
P100025012,C100025012,SUD FSM WH,Sudbury - FSM WH inventory only
P100025013,C100025013,SUD RWH CTA,Sudbury - Residential WH - RMR
P100025014,C100025014,SUD RWH CTS,Sudbury - Residential WH - Ops
P100025015,C100025015,SUD HVACCPP CTA,Sudbury - Residential HVAC CPP - RMR
P100025016,C100025016,SUD HVACCPP CTS,Sudbury - Residential HVAC CPP - Ops
P100025017,C100025017,SUD RHVAC CTA,Sudbury - Residential Rental HVAC - RMR
P100025018,C100025018,SUD RHVAC CTS,Sudbury - Residential Rental HVAC - Ops
P100025019,C100025019,SUD EW CTS,Sudbury - In-House Ext.Warr - Ops
P100025020,C100025020,SUD FSM HVAC,Sudbury - FSM HVAC inventory only
P100025021,C100025021,SUD HVACSALE CTA,Sudbury - Residential HVAC Sales - Sales
P100025022,C100025022,SUD HVACSALE CTS,Sudbury - Residential HVAC Sales - Ops
P100025023,C100025023,SUD RFURN CAP,Sudbury - Rent Furnace Cap Costs
P100025024,C100025024,SUD TANKLESS CAP,Sudbury - Tankless Waterheaters
P100025025,C100025025,SUD ELECCPP CTA,Sudbury - Res Electric CPP - RMR
P100025026,C100025026,SUD ELECCPP CTS,Sudbury - Res Electric CPP - Ops
P100025027,C100025027,SUD EWH CTA,Sudbury - Electric WH - RMR
P100025028,C100025028,SUD EWH CTS,Sudbury - Electric WH Ops     
P100025029,C100025029,SUD RHVACINSTEXP,Sudbury - RHVAC Install Expense
P100025030,C100025030,SUD SHSALE CTS,Sudbury - SH Sales - Ops
P100025031,C100025031,SUD COM WHSALE CTA,Sudbury - Comm WH Sales
P100025032,C100025032,SUD COM WHSALE CTS,Sudbury - Comm WH Sales Ops
P100025033,C100025033,SUD COM HVACCOD CTA,Sudbury - Comm HVAC COD Sales
P100025034,C100025034,SUD COM HVACCOD CTS,Sudbury - Comm HVAC COD Ops
P100025035,C100025035,SUD COMM CTA,Sudbury - Rental Commercial - RMR
P100025036,C100025036,SUD COMM CTS,Sudbury - Rental Commercial - Ops
P100025037,C100025037,SUD COM MO CTS,Sudbury Comm Maint Prot - Ops
P100025038,C100025038,SUD COM RHVAC CTA,Sudbury - Comm RHVAC RMR
P100025039,C100025039,SUD COM RHVAC CTS,Sudbury - Comm RHVAC OPS
P100025040,C100025040,SUD COMHVACSALE CTS,Sudbury - Comm HVAC Sales Ops
P100025041,C100025041,SUD COMM CAP,Sudbury - R-Comm-Cap Costs
P100025042,C100025042,SUD PLCOD CTA,Sudbury - Res Plumb COD Sales
P100025043,C100025043,SUD PLCOD CTS,Sudbury - Res Plumb COD Ops
P100025044,C100025044,SUD PLCPP CTA,Sudbury - Res Plumb CPP RMR
P100025045,C100025045,SUD PLCPP CTS,Sudbury - Res Plumb CPP Ops
P100025046,C100025046,SUD RELEXP CTA,Sudbury - Reliance Express - RMR
P100025047,C100025047,SUD RELEXP CTS,Sudbury - Reliance Express - Ops
P100025048,C100025048,SUD WPSALES CTA,Sudbury Res Water Pur Sales - Sales
P100025049,C100025049,SUD GEOTHERM CTA,Sudbury - Geothermal - Sales
P100025050,C100025050,SUD GEOTERM CTS,Sudbury - Geothermal - Ops
P100025051,C100025051,SUD RWH CAP,Sudbury - Rent WH Capital Install Cost
P100025052,C100025052,SUD EWH CAP,Sudbury - EWH - Cap
P100025053,C100025053,SUD WS CAP,Sudbury - RW Softener Cap Insta
P100025054,C100025054,SUD SH CAP,Sudbury - SH - Cap
P100025055,C100025055,SUD SHCOD CTA,Sudbury - SH COD - Sales
P100025056,C100025056,SUD SHCOD CTS,Sudbury - SH COD - Ops
P100025057,C100025057,SUD SHSALE CTA,Sudbury - SH Sales - Sales
P100025058,C100025058,SUD SHCPP CTA,Sudbury - SH CPP - Sales
P100025059,C100025059,SUD SHCPP CTS,Sudbury - SH CPP - Ops
P100025060,C100025060,SUD RENTSH CTA,Sudbury - SH Rental Service - RMR
P100025061,C100025061,SUD RENTSH CTS,Sudbury - SH Rental Service - Ops
P100025062,C100025062,SUD COM WPSALE CTA,Sudbury - Comm WP Sales - Sales
P100025063,C100025063,SUD COM WPSALE CTS,Sudbury - Comm WP Sales - Ops
P100025064,C100025064,SUD COM MO CTA,Sudbury Comm Maint Prot - Sales
P100025065,C100025065,SUD COM CPP CTA,Sudbury - Comm CPP RMR
P100025066,C100025066,SUD COM CPP CTS,Sudbury - Comm CPP Ops
P100025067,C100025067,SUD COMHVACSALE CTA,Sudbury - Comm HVAC Sales
P100025068,C100025068,SUD COM PROJ CTA,Sudbury Comm Projects - Sales
P100025069,C100025069,SUD COM PROJ CTS,Sudbury - Commercial Projects - Ops
P100025070,C100025070,SUD COMMRHVAC CAP,Sudbury - RHVAC-Comm-Cap Costs
P100025071,C100025071,SUD PLRNC CTA,Sudbury - Plumbing New Const- Sales
P100025072,C100025072,SUD PLRNC CTS,Sudbury - Plumbing New Const- Ops
P100025073,C100025073,SUD AH CAP,Sudbury - Rent Air Handler - Cap
P100025074,C100025074,SUD RSPEC CAP,Sudbury Rent Special Cap
P100025076,C100025076,SUD COM PLCOD CTA,Sudbury - Comm Plumbing COD Sales
P100025077,C100025077,SUD COM PLCOD CTS,Sudbury - Comm Plumbing COD Ops
P100025078,C100025078,SUD DWHR CAP,Sudbury - DWHR - Cap
P100025079,C100025079,SUD CPPSALE CTS,Sudbury - Hem.-R-Ser-HPP - Ops
P100025080,C100025080,SUD CPPSALE CTA,Sudbury - Hem.-R-Ser-HPP - Sales
P100025081,C100025081,SUD EW CTA,Sudbury - In-House Ext.Warr - Sales
P100025082,C100025082,SUD RNC CTS,Sudbury - New Home Const - Ops
P100025083,C100025083,SUD RNC CTA,Sudbury - New Home Const - Sales
P100026000,C100026000,TB FSM AR / OH,Thunderbay - FSM AR / OH only
P100026001,C100026001,TB ELECCOD CTA,Thunderbay - Res Elec COD - Sales
P100026002,C100026002,TB WPSALES CTS,Thunderbay Res Water Pur Sales - Ops
P100026003,C100026003,TB WP CTA,Thunderbay Res Water Pur Rental - RMR
P100026004,C100026004,TB WP CTS,Thunderbay Res Water Pur Rental - Ops
P100026005,C100026005,TB WHSALES CTS,Thunderbay - Res WH Sales - Ops
P100026006,C100026006,TB HVACCOD CTA,Thunderbay - HVAC COD - Sales
P100026007,C100026007,TB HVACCOD CTS,Thunderbay - HVAC COD - Ops
P100026008,C100026008,TB VRPL CTA,Thunderbay - Vent Replacement - Sales
P100026009,C100026009,TB VRPL CTS,Thunderbay - Vent Replacement - Ops
P100026010,C100026010,TB FSM WH,Thunderbay - FSM WH inventory only
P100026011,C100026011,TB RWH CTA,Thunderbay - Residential WH - RMR
P100026012,C100026012,TB RWH CTS,Thunderbay - Residential WH - Ops
P100026013,C100026013,TB HVACCPP CTA,Thunderbay - Residential HVAC CPP - RMR
P100026014,C100026014,TB HVACCPP CTS,Thunderbay - Residential HVAC CPP - Ops
P100026015,C100026015,TB RHVAC CTA,Thunderbay - Res Rental HVAC - RMR
P100026016,C100026016,TB RHVAC CTS,Thunderbay - Res Rental HVAC - Ops
P100026017,C100026017,TB EW CTS,Thunderbay - In-House Ext.Warr - Ops
P100026018,C100026018,TB FSM HVAC,Thunderbay - FSM HVAC inventory only
P100026019,C100026019,TB HVACSALE CTA,Thunderbay - Res HVAC Sales - Sales
P100026020,C100026020,TB HVACSALE CTS,Thunderbay - Res HVAC Sales - Ops
P100026021,C100026021,TB RWH CAP,Thunderbay - Rent WH Cap Install Cost
P100026022,C100026022,TB RFURN CAP,Thunderbay - Rent Furnace Cap Costs
P100026023,C100026023,TB TANKLESS CAP,Thunderbay - Tankless Waterheaters
P100026024,C100026024,TB EWH CAP,Thunderbay - EWH - Cap
P100026025,C100026025,TB ELECCPP CTA,Thunderbay - Res Electric CPP - RMR
P100026026,C100026026,TB EWH CTA,Thunderbay - Electric WH - RMR
P100026027,C100026027,TB EWH CTS,Thunderbay - Electric WH Ops     
P100026028,C100026028,TB RHVACINSTEXP,Thunderbay - RHVAC Install Expense
P100026029,C100026029,TB SHSALE CTS,Thunderbay - SH Sales - Ops
P100026030,C100026030,TB COM WHSALE CTA,Thunderbay - Comm WH Sales
P100026031,C100026031,TB COM WHSALE CTS,Thunderbay - Comm WH Sales Ops
P100026032,C100026032,TB COMM CTA,Thunderbay - Rental Commercial - RMR
P100026033,C100026033,TB COMM CTS,Thunderbay - Rental Commercial - Ops
P100026034,C100026034,TB COM CPP CTS,Thunderbay - Comm CPP Ops
P100026035,C100026035,TB COM RHVAC CTA,Thunderbay - Comm RHVAC RMR
P100026036,C100026036,TB COM RHVAC CTS,Thunderbay - Comm RHVAC OPS
P100026037,C100026037,TB COMHVACSALE CTS,Thunderbay - Comm HVAC Sales Ops
P100026038,C100026038,TB COMM CAP,Thunderbay - R-Comm-Cap Costs
P100026039,C100026039,TB PLCOD CTA,Thunderbay - Res Plumb COD Sales
P100026040,C100026040,TB PLCOD CTS,Thunderbay - Res Plumb COD Ops
P100026041,C100026041,TB PLCPP CTA,Thunderbay - Res Plumb CPP RMR
P100026042,C100026042,TB PLCPP CTS,Thunderbay - Res Plumb CPP Ops
P100026043,C100026043,TB RELEXP CTA,Thunderbay - Reliance Express - RMR
P100026044,C100026044,TB RELEXP CTS,Thunderbay - Reliance Express - Ops
P100026045,C100026045,TB ELECCOD CTS,Thunderbay - Res Elec COD -Ops
P100026046,C100026046,TB WPSALES CTA,Thunderbay Res Water Pur Sales - Sales
P100026047,C100026047,TB WHSALES CTA,Thunderbay - Res WH Sales - Sales
P100026048,C100026048,TB GEOTHERM CTA,Thunderbay - Geothermal - Sales
P100026049,C100026049,TB GEOTERM CTS,Thunderbay - Geothermal - Ops
P100026050,C100026050,TB WS CAP,Thunderbay - RW Softener Cap Insta
P100026051,C100026051,TB SH CAP,Thunderbay - SH - Cap
P100026052,C100026052,TB ELECCPP CTS,Thunderbay - Res Electric CPP - Ops
P100026053,C100026053,TB SHCOD CTA,Thunderbay - SH COD - Sales
P100026054,C100026054,TB SHCOD CTS,Thunderbay - SH COD - Ops
P100026055,C100026055,TB SHSALE CTA,Thunderbay - SH Sales - Sales
P100026056,C100026056,TB SHCPP CTA,Thunderbay - SH CPP - Sales
P100026057,C100026057,TB SHCPP CTS,Thunderbay - SH CPP - Ops
P100026058,C100026058,TB RENTSH CTA,Thunderbay - SH Rental Service - RMR
P100026059,C100026059,TB RENTSH CTS,Thunderbay - SH Rental Service - Ops
P100026060,C100026060,TB COM WPSALE CTA,Thunderbay - Comm WP Sales - Sales
P100026061,C100026061,TB COM WPSALE CTS,Thunderbay - Comm WP Sales - Ops
P100026062,C100026062,TB COM HVACCOD CTA,Thunderbay - Comm HVAC COD Sales
P100026063,C100026063,TB COM HVACCOD CTS,Thunderbay - Comm HVAC COD Ops
P100026064,C100026064,TB COM MO CTA,Thunderbay Comm Maint Prot - Sales
P100026065,C100026065,TB COM MO CTS,Thunderbay Comm Maint Prot - Ops
P100026066,C100026066,TB COM CPP CTA,Thunderbay - Comm CPP RMR
P100026067,C100026067,TB COMHVACSALE CTA,Thunderbay - Comm HVAC Sales
P100026068,C100026068,TB COM PROJ CTA,Thunderbay Comm Projects - Sales
P100026069,C100026069,TB COM PROJ CTS,Thunderbay - Commercial Projects - Ops
P100026070,C100026070,TB COMMRHVAC CAP,Thunderbay - RHVAC-Comm-Cap Costs
P100026071,C100026071,TB PLRNC CTA,Thunderbay - Plumbing New Const- Sales
P100026072,C100026072,TB PLRNC CTS,Thunderbay - Plumbing New Const- Ops
P100026073,C100026073,TB CPPSALE CTA,Thunderbay - Hem.-R-Ser-HPP - Sales
P100026074,C100026074,TB AH CAP,Thunderbay - Rent Air Handler - Cap
P100026075,C100026075,TB RSPEC CAP,Thunderbay Rent Special Cap
P100026077,C100026077,TB COM PLCOD CTA,Thunderbay - Comm Plumbing COD Sales
P100026078,C100026078,TB COM PLCOD CTS,Thunderbay - Comm Plumbing COD Ops
P100026079,C100026079,TB DWHR CAP,Thunderbay - DWHR - Cap
P100026080,C100026080,TB CPPSALE CTS,Thunderbay - Hem.-R-Ser-HPP - Ops
P100026081,C100026081,TB EW CTA,Thunderbay - In-House Ext.Warr - Sales
P100026082,C100026082,TB RNC CTS,Thunderbay - New Home Const - Ops
P100026083,C100026083,TB RNC CTA,Thunderbay - New Home Const - Sales
P100027000,C100027000,BAR FSM AR / OH,Barrie - FSM AR / OH only
P100027001,C100027001,BAR ELECCOD CTA,Barrie - Res Elec COD - Sales
P100027002,C100027002,BAR ELECCOD CTS,Barrie - Res Elec COD -Ops
P100027003,C100027003,BAR WPSALES CTA,Barrie Res Water Pur Sales - Sales
P100027004,C100027004,BAR WPSALES CTS,Barrie Res Water Pur Sales - Ops
P100027005,C100027005,BAR WP CTA,Barrie Res Water Pur Rental - RMR
P100027006,C100027006,BAR WP CTS,Barrie Res Water Pur Rental - Ops
P100027007,C100027007,BAR WHSALES CTA,Barrie - Res WH Sales - Sales
P100027008,C100027008,BAR WHSALES CTS,Barrie - Res WH Sales - Ops
P100027009,C100027009,BAR HVACCOD CTA,Barrie - HVAC COD - Sales
P100027010,C100027010,BAR HVACCOD CTS,Barrie - HVAC COD - Ops
P100027011,C100027011,BAR VRPL CTA,Barrie - Vent Replacement - Sales
P100027012,C100027012,BAR VRPL CTS,Barrie - Vent Replacement - Ops
P100027013,C100027013,BAR FSM WH,Barrie - FSM WH inventory only
P100027014,C100027014,BAR RWH CTA,Barrie - Residential WH - RMR
P100027015,C100027015,BAR RWH CTS,Barrie - Residential WH - Ops
P100027016,C100027016,BAR HVACCPP CTA,Barrie - Residential HVAC CPP - RMR
P100027017,C100027017,BAR HVACCPP CTS,Barrie - Residential HVAC CPP - Ops
P100027018,C100027018,BAR RHVAC CTA,Barrie - Residential Rental HVAC - RMR
P100027019,C100027019,BAR RHVAC CTS,Barrie - Residential Rental HVAC - Ops
P100027020,C100027020,BAR EW CTS,Barrie - In-House Ext.Warr - Ops
P100027021,C100027021,BAR FSM HVAC,Barrie - FSM HVAC inventory only
P100027022,C100027022,BAR HVACSALE CTA,Barrie - Residential HVAC Sales - Sales
P100027023,C100027023,BAR HVACSALE CTS,Barrie - Residential HVAC Sales - Ops
P100027024,C100027024,BAR RNC CTA,Barrie - New Home Const - Sales
P100027025,C100027025,BAR RNC CTS,Barrie - New Home Const - Ops
P100027026,C100027026,BAR GEOTHERM CTA,Barrie - Geothermal - Sales
P100027027,C100027027,BAR GEOTERM CTS,Barrie - Geothermal - Ops
P100027028,C100027028,BAR RWH CAP,Barrie - Rent WH Capital Install Cost
P100027029,C100027029,BAR TANKLESS CAP,Barrie - Tankless Waterheaters
P100027030,C100027030,BAR ELECCPP CTA,Barrie - Res Electric CPP - RMR
P100027031,C100027031,BAR ELECCPP CTS,Barrie - Res Electric CPP - Ops
P100027032,C100027032,BAR EWH CTA,Barrie - Electric WH - RMR
P100027033,C100027033,BAR EWH CTS,Barrie - Electric WH Ops     
P100027034,C100027034,BAR RHVACINSTEXP,Barrie - RHVAC Install Expense
P100027035,C100027035,BAR SHSALE CTS,Barrie - SH Sales - Ops
P100027036,C100027036,BAR RENTSH CTA,Barrie - SH Rental Service - RMR
P100027037,C100027037,BAR COM WHSALE CTS,Barrie - Comm WH Sales Ops
P100027038,C100027038,BAR COM HVACCOD CTS,Barrie - Comm HVAC COD Ops
P100027039,C100027039,BAR COMM CTA,Barrie - Rental Commercial - RMR
P100027040,C100027040,BAR COMM CTS,Barrie - Rental Commercial - Ops
P100027041,C100027041,BAR COM MO CTS,Barrie Comm Maint Prot - Ops
P100027042,C100027042,BAR COM RHVAC CTA,Barrie - Comm RHVAC RMR
P100027043,C100027043,BAR COM RHVAC CTS,Barrie - Comm RHVAC OPS
P100027044,C100027044,BAR COMHVACSALE CTA,Barrie - Comm HVAC Sales
P100027045,C100027045,BAR COMHVACSALE CTS,Barrie - Comm HVAC Sales Ops
P100027046,C100027046,BAR PLCOD CTA,Barrie - Res Plumb COD Sales
P100027047,C100027047,BAR PLCOD CTS,Barrie - Res Plumb COD Ops
P100027048,C100027048,BAR PLCPP CTA,Barrie - Res Plumb CPP RMR
P100027049,C100027049,BAR PLCPP CTS,Barrie - Res Plumb CPP Ops
P100027050,C100027050,BAR RELEXP CTA,Barrie - Reliance Express - RMR
P100027051,C100027051,BAR RELEXP CTS,Barrie - Reliance Express - Ops
P100027052,C100027052,BAR RFURN CAP,Barrie - Rent Furnace Cap Costs
P100027053,C100027053,BAR EWH CAP,Barrie - EWH - Cap
P100027054,C100027054,BAR WS CAP,Barrie - RW Softener Cap Insta
P100027055,C100027055,BAR SH CAP,Barrie - SH - Cap
P100027056,C100027056,BAR SHCOD CTA,Barrie - SH COD - Sales
P100027057,C100027057,BAR SHCOD CTS,Barrie - SH COD - Ops
P100027058,C100027058,BAR SHSALE CTA,Barrie - SH Sales - Sales
P100027059,C100027059,BAR SHCPP CTA,Barrie - SH CPP - Sales
P100027060,C100027060,BAR SHCPP CTS,Barrie - SH CPP - Ops
P100027061,C100027061,BAR RENTSH CTS,Barrie - SH Rental Service - Ops
P100027062,C100027062,BAR COM WPSALE CTA,Barrie - Comm WP Sales - Sales
P100027063,C100027063,BAR COM WPSALE CTS,Barrie - Comm WP Sales - Ops
P100027064,C100027064,BAR COM WHSALE CTA,Barrie - Comm WH Sales
P100027065,C100027065,BAR COM HVACCOD CTA,Barrie - Comm HVAC COD Sales
P100027066,C100027066,BAR COM MO CTA,Barrie Comm Maint Prot - Sales
P100027067,C100027067,BAR COM CPP CTA,Barrie - Comm CPP RMR
P100027068,C100027068,BAR COM CPP CTS,Barrie - Comm CPP Ops
P100027069,C100027069,BAR COM PROJ CTA,Barrie Comm Projects - Sales
P100027070,C100027070,BAR COM PROJ CTS,Barrie - Commercial Projects - Ops
P100027071,C100027071,BAR COMM CAP,Barrie - R-Comm-Cap Costs
P100027072,C100027072,BAR COMMRHVAC CAP,Barrie - RHVAC-Comm-Cap Costs
P100027073,C100027073,BAR PLRNC CTA,Barrie - Plumbing New Const- Sales
P100027074,C100027074,BAR PLRNC CTS,Barrie - Plumbing New Const- Ops
P100027075,C100027075,BAR AH CAP,Barrie - Rent Air Handler - Cap
P100027077,C100027077,BAR COM PLCOD CTA,Barrie - Comm Plumbing COD Sales
P100027078,C100027078,BAR COM PLCOD CTS,Barrie - Comm Plumbing COD Ops
P100027079,C100027079,BAR DWHR CAP,Barrie - DWHR - Cap
P100027080,C100027080,BAR RSPEC CAP,Barrie Rent Special Cap
P100027081,C100027081,BAR CPPSALE CTS,Barrie - Hem.-R-Ser-HPP - Ops
P100027082,C100027082,BAR CPPSALE CTA,Barrie - Hem.-R-Ser-HPP - Sales
P100027083,C100027083,BAR EW CTA,Barrie - In-House Ext.Warr - Sales
P100028000,C100028000,SSM FSM AR / OH,SSM - FSM AR / OH only
P100028001,C100028001,SSM WPSALES CTS,SSM Res Water Pur Sales - Ops
P100028002,C100028002,SSM WP CTA,SSM Res Water Pur Rental - RMR
P100028003,C100028003,SSM WP CTS,SSM Res Water Pur Rental - Ops
P100028004,C100028004,SSM HVACCOD CTS,SSM - HVAC COD - Ops
P100028005,C100028005,SSM VRPL CTA,SSM - Vent Replacement - Sales
P100028006,C100028006,SSM VRPL CTS,SSM - Vent Replacement - Ops
P100028007,C100028007,SSM FSM WH,SSM - FSM WH inventory only
P100028008,C100028008,SSM RWH CTA,SSM - Residential WH - RMR
P100028009,C100028009,SSM RWH CTS,SSM - Residential WH - Ops
P100028010,C100028010,SSM HVACCPP CTA,SSM - Residential HVAC CPP - RMR
P100028011,C100028011,SSM HVACCPP CTS,SSM - Residential HVAC CPP - Ops
P100028012,C100028012,SSM RHVAC CTA,SSM - Residential Rental HVAC - RMR
P100028013,C100028013,SSM RHVAC CTS,SSM - Residential Rental HVAC - Ops
P100028014,C100028014,SSM EW CTS,SSM - In-House Ext.Warr - Ops
P100028015,C100028015,SSM FSM HVAC,SSM - FSM HVAC inventory only
P100028016,C100028016,SSM HVACSALE CTA,SSM - Residential HVAC Sales - Sales
P100028017,C100028017,SSM HVACSALE CTS,SSM - Residential HVAC Sales - Ops
P100028018,C100028018,SSM TANKLESS CAP,SSM - Tankless Waterheaters
P100028019,C100028019,SSM ELECCPP CTA,SSM - Res Electric CPP - RMR
P100028020,C100028020,SSM ELECCPP CTS,SSM - Res Electric CPP - Ops
P100028021,C100028021,SSM EWH CTA,SSM - Electric WH - RMR
P100028022,C100028022,SSM EWH CTS,SSM - Electric WH Ops     
P100028023,C100028023,SSM RHVACINSTEXP,SSM - RHVAC Install Expense
P100028024,C100028024,SSM SHSALE CTS,SSM - SH Sales - Ops
P100028025,C100028025,SSM COM HVACCOD CTS,SSM - Comm HVAC COD Ops
P100028026,C100028026,SSM COMM CTA,SSM - Rental Commercial - RMR
P100028027,C100028027,SSM COMM CTS,SSM - Rental Commercial - Ops
P100028028,C100028028,SSM COM RHVAC CTA,SSM - Comm RHVAC RMR
P100028029,C100028029,SSM COM RHVAC CTS,SSM - Comm RHVAC OPS
P100028030,C100028030,SSM COMHVACSALE CTS,SSM - Comm HVAC Sales Ops
P100028031,C100028031,SSM PLCOD CTS,SSM - Res Plumb COD Ops
P100028032,C100028032,SSM PLCPP CTA,SSM - Res Plumb CPP RMR
P100028033,C100028033,SSM PLCPP CTS,SSM - Res Plumb CPP Ops
P100028034,C100028034,SSM RELEXP CTA,SSM - Reliance Express - RMR
P100028035,C100028035,SSM ELECCOD CTA,SSM - Res Elec COD - Sales
P100028036,C100028036,SSM ELECCOD CTS,SSM - Res Elec COD -Ops
P100028037,C100028037,SSM WPSALES CTA,SSM Res Water Pur Sales - Sales
P100028038,C100028038,SSM WHSALES CTA,SSM - Res WH Sales - Sales
P100028039,C100028039,SSM WHSALES CTS,SSM - Res WH Sales - Ops
P100028040,C100028040,SSM HVACCOD CTA,SSM - HVAC COD - Sales
P100028041,C100028041,SSM GEOTHERM CTA,SSM - Geothermal - Sales
P100028042,C100028042,SSM GEOTERM CTS,SSM - Geothermal - Ops
P100028043,C100028043,SSM RWH CAP,SSM - Rent WH Capital Install Cost
P100028044,C100028044,SSM RFURN CAP,SSM - Rent Furnace Cap Costs
P100028045,C100028045,SSM EWH CAP,SSM - EWH - Cap
P100028046,C100028046,SSM WS CAP,SSM - RW Softener Cap Insta
P100028047,C100028047,SSM SH CAP,SSM - SH - Cap
P100028048,C100028048,SSM SHCOD CTA,SSM - SH COD - Sales
P100028049,C100028049,SSM SHCOD CTS,SSM - SH COD - Ops
P100028050,C100028050,SSM SHSALE CTA,SSM - SH Sales - Sales
P100028051,C100028051,SSM SHCPP CTA,SSM - SH CPP - Sales
P100028052,C100028052,SSM SHCPP CTS,SSM - SH CPP - Ops
P100028053,C100028053,SSM RENTSH CTA,SSM - SH Rental Service - RMR
P100028054,C100028054,SSM RENTSH CTS,SSM - SH Rental Service - Ops
P100028055,C100028055,SSM COM WPSALE CTA,SSM - Comm WP Sales - Sales
P100028056,C100028056,SSM COM WPSALE CTS,SSM - Comm WP Sales - Ops
P100028057,C100028057,SSM COM WHSALE CTA,SSM - Comm WH Sales
P100028058,C100028058,SSM COM WHSALE CTS,SSM - Comm WH Sales Ops
P100028059,C100028059,SSM COM HVACCOD CTA,SSM - Comm HVAC COD Sales
P100028060,C100028060,SSM COM MO CTA,SSM Comm Maint Prot - Sales
P100028061,C100028061,SSM COM MO CTS,SSM Comm Maint Prot - Ops
P100028062,C100028062,SSM COM CPP CTA,SSM - Comm CPP RMR
P100028063,C100028063,SSM COM CPP CTS,SSM - Comm CPP Ops
P100028064,C100028064,SSM COMHVACSALE CTA,SSM - Comm HVAC Sales
P100028065,C100028065,SSM COM PROJ CTA,SSM Comm Projects - Sales
P100028066,C100028066,SSM COM PROJ CTS,SSM - Commercial Projects - Ops
P100028067,C100028067,SSM COMM CAP,SSM - R-Comm-Cap Costs
P100028068,C100028068,SSM COMMRHVAC CAP,SSM - RHVAC-Comm-Cap Costs
P100028069,C100028069,SSM PLCOD CTA,SSM - Res Plumb COD Sales
P100028070,C100028070,SSM PLRNC CTA,SSM - Plumbing New Const- Sales
P100028071,C100028071,SSM PLRNC CTS,SSM - Plumbing New Const- Ops
P100028072,C100028072,SSM AH CAP,SSM - Rent Air Handler - Cap
P100028073,C100028073,SSM DWHR CAP,SSM - DWHR - Cap
P100028075,C100028075,SSM COM PLCOD CTA,SSM - Comm Plumbing COD Sales
P100028076,C100028076,SSM COM PLCOD CTS,SSM - Comm Plumbing COD Ops
P100028077,C100028077,SSM RSPEC CAP,SSM Rent Special Cap
P100028078,C100028078,SSM CPPSALE CTS,SSM - Hem.-R-Ser-HPP - Ops
P100028079,C100028079,SSM CPPSALE CTA,SSM - Hem.-R-Ser-HPP - Sales
P100028080,C100028080,SSM EW CTA,SSM - In-House Ext.Warr - Sales
P100028081,C100028081,SSM RNC CTS,SSM - New Home Const - Ops
P100028082,C100028082,SSM RNC CTA,SSM - New Home Const - Sales
P100028083,C100028083,SSM RELEXP CTS,SSM - Reliance Express - Ops
P100029000,C100029000,CAL FSM AR / OH,Calgary - FSM AR / OH only
P100029001,C100029001,CAL ELECCOD CTS,Calgary - Res Elec COD -Ops
P100029002,C100029002,CAL WPSALES CTS,Calgary Res Water Pur Sales - Ops
P100029003,C100029003,CAL WP CTA,Calgary Res Water Pur Rental - RMR
P100029004,C100029004,CAL WP CTS,Calgary Res Water Pur Rental - Ops
P100029005,C100029005,CAL WHSALES CTA,Calgary - Res WH Sales - Sales
P100029006,C100029006,CAL WHSALES CTS,Calgary - Res WH Sales - Ops
P100029007,C100029007,CAL HVACCOD CTA,Calgary - HVAC COD - Sales
P100029008,C100029008,CAL HVACCOD CTS,Calgary - HVAC COD - Ops
P100029009,C100029009,CAL VRPL CTS,Calgary - Vent Replacement - Ops
P100029010,C100029010,CAL FSM WH,Calgary - FSM WH inventory only
P100029011,C100029011,CAL RWH CTA,Calgary - Residential WH - RMR
P100029012,C100029012,CAL RWH CTS,Calgary - Residential WH - Ops
P100029013,C100029013,CAL HVACCPP CTA,Calgary - Residential HVAC CPP - RMR
P100029014,C100029014,CAL HVACCPP CTS,Calgary - Residential HVAC CPP - Ops
P100029015,C100029015,CAL RHVAC CTA,Calgary - Residential Rental HVAC - RMR
P100029016,C100029016,CAL RHVAC CTS,Calgary - Residential Rental HVAC - Ops
P100029017,C100029017,CAL EW CTS,Calgary - In-House Ext.Warr - Ops
P100029018,C100029018,CAL FSM HVAC,Calgary - FSM HVAC inventory only
P100029019,C100029019,CAL HVACSALE CTA,Calgary - Residential HVAC Sales - Sales
P100029020,C100029020,CAL HVACSALE CTS,Calgary - Residential HVAC Sales - Ops
P100029021,C100029021,CAL RFURN CAP,Calgary - Rent Furnace Cap Costs
P100029022,C100029022,CAL TANKLESS CAP,Calgary - Tankless Waterheaters
P100029023,C100029023,CAL ELECCPP CTA,Calgary - Res Electric CPP - RMR
P100029024,C100029024,CAL EWH CTA,Calgary - Electric WH - RMR
P100029025,C100029025,CAL EWH CTS,Calgary - Electric WH Ops     
P100029026,C100029026,CAL RHVACINSTEXP,Calgary - RHVAC Install Expense
P100029027,C100029027,CAL SHSALE CTS,Calgary - SH Sales - Ops
P100029028,C100029028,CAL COMM CTA,Calgary - Rental Commercial - RMR
P100029029,C100029029,CAL COMM CTS,Calgary - Rental Commercial - Ops
P100029030,C100029030,CAL PLCOD CTA,Calgary - Res Plumb COD Sales
P100029031,C100029031,CAL PLCOD CTS,Calgary - Res Plumb COD Ops
P100029032,C100029032,CAL PLCPP CTA,Calgary - Res Plumb CPP RMR
P100029033,C100029033,CAL PLCPP CTS,Calgary - Res Plumb CPP Ops
P100029034,C100029034,CAL ELECCOD CTA,Calgary - Res Elec COD - Sales
P100029035,C100029035,CAL WPSALES CTA,Calgary Res Water Pur Sales - Sales
P100029036,C100029036,CAL VRPL CTA,Calgary - Vent Replacement - Sales
P100029037,C100029037,CAL GEOTHERM CTA,Calgary - Geothermal - Sales
P100029038,C100029038,CAL GEOTERM CTS,Calgary - Geothermal - Ops
P100029039,C100029039,CAL RWH CAP,Calgary - Rent WH Capital Install Cost
P100029040,C100029040,CAL EWH CAP,Calgary - EWH - Cap
P100029041,C100029041,CAL WS CAP,Calgary - RW Softener Cap Insta
P100029042,C100029042,CAL SH CAP,Calgary - SH - Cap
P100029043,C100029043,CAL ELECCPP CTS,Calgary - Res Electric CPP - Ops
P100029044,C100029044,CAL SHCOD CTA,Calgary - SH COD - Sales
P100029045,C100029045,CAL SHCOD CTS,Calgary - SH COD - Ops
P100029046,C100029046,CAL SHSALE CTA,Calgary - SH Sales - Sales
P100029047,C100029047,CAL SHCPP CTA,Calgary - SH CPP - Sales
P100029048,C100029048,CAL SHCPP CTS,Calgary - SH CPP - Ops
P100029049,C100029049,CAL RENTSH CTA,Calgary - SH Rental Service - RMR
P100029050,C100029050,CAL RENTSH CTS,Calgary - SH Rental Service - Ops
P100029051,C100029051,CAL COM WPSALE CTA,Calgary - Comm WP Sales - Sales
P100029052,C100029052,CAL COM WPSALE CTS,Calgary - Comm WP Sales - Ops
P100029053,C100029053,CAL COM WHSALE CTA,Calgary - Comm WH Sales
P100029054,C100029054,CAL COM WHSALE CTS,Calgary - Comm WH Sales Ops
P100029055,C100029055,CAL COM HVACCOD CTA,Calgary - Comm HVAC COD Sales
P100029056,C100029056,CAL COM HVACCOD CTS,Calgary - Comm HVAC COD Ops
P100029057,C100029057,CAL COM MO CTA,Calgary Comm Maint Prot - Sales
P100029058,C100029058,CAL COM MO CTS,Calgary Comm Maint Prot - Ops
P100029059,C100029059,CAL COM CPP CTA,Calgary - Comm CPP RMR
P100029060,C100029060,CAL COM CPP CTS,Calgary - Comm CPP Ops
P100029061,C100029061,CAL COM RHVAC CTA,Calgary - Comm RHVAC RMR
P100029062,C100029062,CAL COM RHVAC CTS,Calgary - Comm RHVAC OPS
P100029063,C100029063,CAL COMHVACSALE CTA,Calgary - Comm HVAC Sales
P100029064,C100029064,CAL COMHVACSALE CTS,Calgary - Comm HVAC Sales Ops
P100029065,C100029065,CAL COM PROJ CTA,Calgary Comm Projects - Sales
P100029066,C100029066,CAL COM PROJ CTS,Calgary - Commercial Projects - Ops
P100029067,C100029067,CAL COMM CAP,Calgary - R-Comm-Cap Costs
P100029068,C100029068,CAL COMMRHVAC CAP,Calgary - RHVAC-Comm-Cap Costs
P100029069,C100029069,CAL PLRNC CTA,Calgary - Plumbing New Const- Sales
P100029070,C100029070,CAL PLRNC CTS,Calgary - Plumbing New Const- Ops
P100029071,C100029071,CAL RELEXP CTA,Calgary - Reliance Express - RMR
P100029073,C100029073,CAL COM PLCOD CTA,Calgary - Comm Plumbing COD Sales
P100029074,C100029074,CAL COM PLCOD CTS,Calgary - Comm Plumbing COD Ops
P100029075,C100029075,CAL DWHR CAP,Calgary - DWHR - Cap
P100029076,C100029076,CAL RSPEC CAP,Calgary Rent Special Cap
P100029077,C100029077,CAL CPPSALE CTS,Calgary - Hem.-R-Ser-HPP - Ops
P100029078,C100029078,CAL CPPSALE CTA,Calgary - Hem.-R-Ser-HPP - Sales
P100029079,C100029079,CAL EW CTA,Calgary - In-House Ext.Warr - Sales
P100029080,C100029080,CAL RNC CTS,Calgary - New Home Const - Ops
P100029081,C100029081,CAL RNC CTA,Calgary - New Home Const - Sales
P100029082,C100029082,CAL RELEXP CTS,Calgary - Reliance Express - Ops
P100029083,C100029083,CAL AH CAP,Calgary - Rent Air Handler - Cap
P100030000,C100030000,EDM FSM AR / OH,Edmonton - FSM AR / OH only
P100030001,C100030001,EDM ELECCOD CTA,Edmonton - Res Elec COD - Sales
P100030002,C100030002,EDM ELECCOD CTS,Edmonton - Res Elec COD -Ops
P100030003,C100030003,EDM WPSALES CTS,Edmonton Res Water Pur Sales - Ops
P100030004,C100030004,EDM WP CTA,Edmonton Res Water Pur Rental - RMR
P100030005,C100030005,EDM WP CTS,Edmonton Res Water Pur Rental - Ops
P100030006,C100030006,EDM WHSALES CTA,Edmonton - Res WH Sales - Sales
P100030007,C100030007,EDM WHSALES CTS,Edmonton - Res WH Sales - Ops
P100030008,C100030008,EDM HVACCOD CTA,Edmonton - HVAC COD - Sales
P100030009,C100030009,EDM HVACCOD CTS,Edmonton - HVAC COD - Ops
P100030010,C100030010,EDM VRPL CTS,Edmonton - Vent Replacement - Ops
P100030011,C100030011,EDM FSM WH,Edmonton - FSM WH inventory only
P100030012,C100030012,EDM RWH CTA,Edmonton - Residential WH - RMR
P100030013,C100030013,EDM RWH CTS,Edmonton - Residential WH - Ops
P100030014,C100030014,EDM HVACCPP CTA,Edmonton - Residential HVAC CPP - RMR
P100030015,C100030015,EDM HVACCPP CTS,Edmonton - Residential HVAC CPP - Ops
P100030016,C100030016,EDM RHVAC CTA,Edmonton - Residential Rental HVAC - RMR
P100030017,C100030017,EDM RHVAC CTS,Edmonton - Residential Rental HVAC - Ops
P100030018,C100030018,EDM EW CTS,Edmonton - In-House Ext.Warr - Ops
P100030019,C100030019,EDM FSM HVAC,Edmonton - FSM HVAC inventory only
P100030020,C100030020,EDM HVACSALE CTA,Edmonton - Res HVAC Sales - Sales
P100030021,C100030021,EDM HVACSALE CTS,Edmonton - Residential HVAC Sales - Ops
P100030022,C100030022,EDM RWH CAP,Edmonton - Rent WH Capital Install Cost
P100030023,C100030023,EDM RFURN CAP,Edmonton - Rent Furnace Cap Costs
P100030024,C100030024,EDM TANKLESS CAP,Edmonton - Tankless Waterheaters
P100030025,C100030025,EDM ELECCPP CTA,Edmonton - Res Electric CPP - RMR
P100030026,C100030026,EDM ELECCPP CTS,Edmonton - Res Electric CPP - Ops
P100030027,C100030027,EDM EWH CTA,Edmonton - Electric WH - RMR
P100030028,C100030028,EDM EWH CTS,Edmonton - Electric WH Ops     
P100030029,C100030029,EDM RHVACINSTEXP,Edmonton - RHVAC Install Expense
P100030030,C100030030,EDM SHSALE CTS,Edmonton - SH Sales - Ops
P100030031,C100030031,EDM COM HVACCOD CTS,Edmonton - Comm HVAC COD Ops
P100030032,C100030032,EDM COMM CTA,Edmonton - Rental Commercial - RMR
P100030033,C100030033,EDM COMM CTS,Edmonton - Rental Commercial - Ops
P100030034,C100030034,EDM COMHVACSALE CTS,Edmonton - Comm HVAC Sales Ops
P100030035,C100030035,EDM PLCOD CTA,Edmonton - Res Plumb COD Sales
P100030036,C100030036,EDM PLCOD CTS,Edmonton - Res Plumb COD Ops
P100030037,C100030037,EDM PLCPP CTA,Edmonton - Res Plumb CPP RMR
P100030038,C100030038,EDM PLCPP CTS,Edmonton - Res Plumb CPP Ops
P100030039,C100030039,EDM RELEXP CTA,Edmonton - Reliance Express - RMR
P100030040,C100030040,EDM WPSALES CTA,Edmonton Res Water Pur Sales - Sales
P100030041,C100030041,EDM VRPL CTA,Edmonton - Vent Replacement - Sales
P100030042,C100030042,EDM RNC CTA,Edmonton - New Home Const - Sales
P100030043,C100030043,EDM RNC CTS,Edmonton - New Home Const - Ops
P100030044,C100030044,EDM GEOTHERM CTA,Edmonton - Geothermal - Sales
P100030045,C100030045,EDM GEOTERM CTS,Edmonton - Geothermal - Ops
P100030046,C100030046,EDM EWH CAP,Edmonton - EWH - Cap
P100030047,C100030047,EDM WS CAP,Edmonton - RW Softener Cap Insta
P100030048,C100030048,EDM SH CAP,Edmonton - SH - Cap
P100030049,C100030049,EDM SHCOD CTA,Edmonton - SH COD - Sales
P100030050,C100030050,EDM SHCOD CTS,Edmonton - SH COD - Ops
P100030051,C100030051,EDM SHSALE CTA,Edmonton - SH Sales - Sales
P100030052,C100030052,EDM SHCPP CTA,Edmonton - SH CPP - Sales
P100030053,C100030053,EDM SHCPP CTS,Edmonton - SH CPP - Ops
P100030054,C100030054,EDM RENTSH CTA,Edmonton - SH Rental Service - RMR
P100030055,C100030055,EDM RENTSH CTS,Edmonton - SH Rental Service - Ops
P100030056,C100030056,EDM COM WPSALE CTA,Edmonton - Comm WP Sales - Sales
P100030057,C100030057,EDM COM WPSALE CTS,Edmonton - Comm WP Sales - Ops
P100030058,C100030058,EDM COM WHSALE CTA,Edmonton - Comm WH Sales
P100030059,C100030059,EDM COM WHSALE CTS,Edmonton - Comm WH Sales Ops
P100030060,C100030060,EDM COM HVACCOD CTA,Edmonton - Comm HVAC COD Sales
P100030061,C100030061,EDM COM MO CTA,Edmonton Comm Maint Prot - Sales
P100030062,C100030062,EDM COM MO CTS,Edmonton Comm Maint Prot - Ops
P100030063,C100030063,EDM COM CPP CTA,Edmonton - Comm CPP RMR
P100030064,C100030064,EDM COM CPP CTS,Edmonton - Comm CPP Ops
P100030065,C100030065,EDM COM RHVAC CTA,Edmonton - Comm RHVAC RMR
P100030066,C100030066,EDM COM RHVAC CTS,Edmonton - Comm RHVAC OPS
P100030067,C100030067,EDM COMHVACSALE CTA,Edmonton - Comm HVAC Sales
P100030068,C100030068,EDM COM PROJ CTA,Edmonton Comm Projects - Sales
P100030069,C100030069,EDM COM PROJ CTS,Edmonton - Commercial Projects - Ops
P100030070,C100030070,EDM COMM CAP,Edmonton - R-Comm-Cap Costs
P100030071,C100030071,EDM COMMRHVAC CAP,Edmonton - RHVAC-Comm-Cap Costs
P100030072,C100030072,EDM PLRNC CTA,Edmonton - Plumbing New Const- Sales
P100030073,C100030073,EDM PLRNC CTS,Edmonton - Plumbing New Const- Ops
P100030074,C100030074,EDM EW CTA,Edmonton - In-House Ext.Warr - Sales
P100030075,C100030075,EDM DWHR CAP,Edmonton - DWHR - Cap
P100030077,C100030077,EDM COM PLCOD CTA,Edmonton - Comm Plumbing COD Sales
P100030078,C100030078,EDM COM PLCOD CTS,Edmonton - Comm Plumbing COD Ops
P100030079,C100030079,EDM RSPEC CAP,Edmonton Rent Special Cap
P100030080,C100030080,EDM CPPSALE CTS,Edmonton - Hem.-R-Ser-HPP - Ops
P100030081,C100030081,EDM CPPSALE CTA,Edmonton - Hem.-R-Ser-HPP - Sales
P100030082,C100030082,EDM RELEXP CTS,Edmonton - Reliance Express - Ops
P100030083,C100030083,EDM AH CAP,Edmonton - Rent Air Handler - Cap
P100031000,C100031000,WPG FSM AR / OH,Winnipeg - FSM AR / OH only
P100031001,C100031001,WPG ELECCOD CTA,Winnipeg - Res Elec COD - Sales
P100031002,C100031002,WPG ELECCOD CTS,Winnipeg - Res Elec COD -Ops
P100031003,C100031003,WPG WPSALES CTA,Winnipeg Res Water Pur Sales - Sales
P100031004,C100031004,WPG WPSALES CTS,Winnipeg Res Water Pur Sales - Ops
P100031005,C100031005,WPG WP CTA,Winnipeg Res Water Pur Rental - RMR
P100031006,C100031006,WPG WP CTS,Winnipeg Res Water Pur Rental - Ops
P100031007,C100031007,WPG WHSALES CTA,Winnipeg - Res WH Sales - Sales
P100031008,C100031008,WPG WHSALES CTS,Winnipeg - Res WH Sales - Ops
P100031009,C100031009,WPG HVACCOD CTA,Winnipeg - HVAC COD - Sales
P100031010,C100031010,WPG HVACCOD CTS,Winnipeg - HVAC COD - Ops
P100031011,C100031011,WPG VRPL CTA,Winnipeg - Vent Replacement - Sales
P100031012,C100031012,WPG VRPL CTS,Winnipeg - Vent Replacement - Ops
P100031013,C100031013,WPG FSM WH,Winnipeg - FSM WH inventory only
P100031014,C100031014,WPG RWH CTA,Winnipeg - Residential WH - RMR
P100031015,C100031015,WPG RWH CTS,Winnipeg - Residential WH - Ops
P100031016,C100031016,WPG HVACCPP CTA,Winnipeg - Residential HVAC CPP - RMR
P100031017,C100031017,WPG HVACCPP CTS,Winnipeg - Residential HVAC CPP - Ops
P100031018,C100031018,WPG RHVAC CTA,Winnipeg - Residential Rental HVAC - RMR
P100031019,C100031019,WPG RHVAC CTS,Winnipeg - Residential Rental HVAC - Ops
P100031020,C100031020,WPG EW CTS,Winnipeg - In-House Ext.Warr - Ops
P100031021,C100031021,WPG FSM HVAC,Winnipeg - FSM HVAC inventory only
P100031022,C100031022,WPG HVACSALE CTA,Winnipeg - Res HVAC Sales - Sales
P100031023,C100031023,WPG HVACSALE CTS,Winnipeg - Residential HVAC Sales - Ops
P100031024,C100031024,WPG RNC CTA,Winnipeg - New Home Const - Sales
P100031025,C100031025,WPG RNC CTS,Winnipeg - New Home Const - Ops
P100031026,C100031026,WPG RFURN CAP,Winnipeg - Rent Furnace Cap Costs
P100031027,C100031027,WPG TANKLESS CAP,Winnipeg - Tankless Waterheaters
P100031028,C100031028,WPG ELECCPP CTA,Winnipeg - Res Electric CPP - RMR
P100031029,C100031029,WPG ELECCPP CTS,Winnipeg - Res Electric CPP - Ops
P100031030,C100031030,WPG EWH CTA,Winnipeg - Electric WH - RMR
P100031031,C100031031,WPG EWH CTS,Winnipeg - Electric WH Ops     
P100031032,C100031032,WPG RHVACINSTEXP,Winnipeg - RHVAC Install Expense
P100031033,C100031033,WPG SHSALE CTS,Winnipeg - SH Sales - Ops
P100031034,C100031034,WPG COM WHSALE CTS,Winnipeg - Comm WH Sales Ops
P100031035,C100031035,WPG COM HVACCOD CTS,Winnipeg - Comm HVAC COD Ops
P100031036,C100031036,WPG COMM CTA,Winnipeg - Rental Commercial - RMR
P100031037,C100031037,WPG COMM CTS,Winnipeg - Rental Commercial - Ops
P100031038,C100031038,WPG COM RHVAC CTA,Winnipeg - Comm RHVAC RMR
P100031039,C100031039,WPG COMHVACSALE CTA,Winnipeg - Comm HVAC Sales
P100031040,C100031040,WPG COMHVACSALE CTS,Winnipeg - Comm HVAC Sales Ops
P100031041,C100031041,WPG PLCOD CTA,Winnipeg - Res Plumb COD Sales
P100031042,C100031042,WPG PLCOD CTS,Winnipeg - Res Plumb COD Ops
P100031043,C100031043,WPG PLCPP CTA,Winnipeg - Res Plumb CPP RMR
P100031044,C100031044,WPG PLCPP CTS,Winnipeg - Res Plumb CPP Ops
P100031045,C100031045,WPG RELEXP CTA,Winnipeg - Reliance Express - RMR
P100031046,C100031046,WPG RELEXP CTS,Winnipeg - Reliance Express - Ops
P100031047,C100031047,WPG GEOTHERM CTA,Winnipeg - Geothermal - Sales
P100031048,C100031048,WPG GEOTERM CTS,Winnipeg - Geothermal - Ops
P100031049,C100031049,WPG RWH CAP,Winnipeg - Rent WH Capital Install Cost
P100031050,C100031050,WPG EWH CAP,Winnipeg - EWH - Cap
P100031051,C100031051,WPG WS CAP,Winnipeg - RW Softener Cap Insta
P100031052,C100031052,WPG SH CAP,Winnipeg - SH - Cap
P100031053,C100031053,WPG SHCOD CTA,Winnipeg - SH COD - Sales
P100031054,C100031054,WPG SHCOD CTS,Winnipeg - SH COD - Ops
P100031055,C100031055,WPG SHSALE CTA,Winnipeg - SH Sales - Sales
P100031056,C100031056,WPG SHCPP CTA,Winnipeg - SH CPP - Sales
P100031057,C100031057,WPG SHCPP CTS,Winnipeg - SH CPP - Ops
P100031058,C100031058,WPG RENTSH CTA,Winnipeg - SH Rental Service - RMR
P100031059,C100031059,WPG RENTSH CTS,Winnipeg - SH Rental Service - Ops
P100031060,C100031060,WPG COM WPSALE CTA,Winnipeg - Comm WP Sales - Sales
P100031061,C100031061,WPG COM WPSALE CTS,Winnipeg - Comm WP Sales - Ops
P100031062,C100031062,WPG COM WHSALE CTA,Winnipeg - Comm WH Sales
P100031063,C100031063,WPG COM HVACCOD CTA,Winnipeg - Comm HVAC COD Sales
P100031064,C100031064,WPG COM MO CTA,Winnipeg Comm Maint Prot - Sales
P100031065,C100031065,WPG COM MO CTS,Winnipeg Comm Maint Prot - Ops
P100031066,C100031066,WPG COM CPP CTA,Winnipeg - Comm CPP RMR
P100031067,C100031067,WPG COM CPP CTS,Winnipeg - Comm CPP Ops
P100031068,C100031068,WPG COM RHVAC CTS,Winnipeg - Comm RHVAC OPS
P100031069,C100031069,WPG COM PROJ CTA,Winnipeg Comm Projects - Sales
P100031070,C100031070,WPG COM PROJ CTS,Winnipeg - Commercial Projects - Ops
P100031071,C100031071,WPG COMM CAP,Winnipeg - R-Comm-Cap Costs
P100031072,C100031072,WPG COMMRHVAC CAP,Winnipeg - RHVAC-Comm-Cap Costs
P100031073,C100031073,WPG PLRNC CTA,Winnipeg - Plumbing New Const- Sales
P100031074,C100031074,WPG PLRNC CTS,Winnipeg - Plumbing New Const- Ops
P100031075,C100031075,WPG EW CTA,Winnipeg - In-House Ext.Warr - Sales
P100031077,C100031077,WPG COM PLCOD CTA,Winnipeg - Comm Plumbing COD Sales
P100031078,C100031078,WPG COM PLCOD CTS,Winnipeg - Comm Plumbing COD Ops
P100031079,C100031079,WPG DWHR CAP,Winnipeg - DWHR - Cap
P100031080,C100031080,WPG RSPEC CAP,Winnipeg Rent Special Cap
P100031081,C100031081,WPG CPPSALE CTS,Winnipeg - Hem.-R-Ser-HPP - Ops
P100031082,C100031082,WPG CPPSALE CTA,Winnipeg - Hem.-R-Ser-HPP - Sales
P100031083,C100031083,WPG AH CAP,Winnipeg - Rent Air Handler - Cap
P100032000,C100032000,REG FSM AR / OH,Regina - FSM AR / OH only
P100032001,C100032001,REG ELECCOD CTA,Regina - Res Elec COD - Sales
P100032002,C100032002,REG ELECCOD CTS,Regina - Res Elec COD -Ops
P100032003,C100032003,REG WPSALES CTS,Regina Res Water Pur Sales - Ops
P100032004,C100032004,REG WP CTA,Regina Res Water Pur Rental - RMR
P100032005,C100032005,REG WP CTS,Regina Res Water Pur Rental - Ops
P100032006,C100032006,REG WHSALES CTA,Regina - Res WH Sales - Sales
P100032007,C100032007,REG WHSALES CTS,Regina - Res WH Sales - Ops
P100032008,C100032008,REG HVACCOD CTA,Regina - HVAC COD - Sales
P100032009,C100032009,REG HVACCOD CTS,Regina - HVAC COD - Ops
P100032010,C100032010,REG VRPL CTA,Regina - Vent Replacement - Sales
P100032011,C100032011,REG VRPL CTS,Regina - Vent Replacement - Ops
P100032012,C100032012,REG FSM WH,Regina - FSM WH inventory only
P100032013,C100032013,REG RWH CTA,Regina - Residential WH - RMR
P100032014,C100032014,REG RWH CTS,Regina - Residential WH - Ops
P100032015,C100032015,REG HVACCPP CTA,Regina - Residential HVAC CPP - RMR
P100032016,C100032016,REG HVACCPP CTS,Regina - Residential HVAC CPP - Ops
P100032017,C100032017,REG RHVAC CTA,Regina - Residential Rental HVAC - RMR
P100032018,C100032018,REG RHVAC CTS,Regina - Residential Rental HVAC - Ops
P100032019,C100032019,REG EW CTA,Regina - In-House Ext.Warr - Sales
P100032020,C100032020,REG EW CTS,Regina - In-House Ext.Warr - Ops
P100032021,C100032021,REG FSM HVAC,Regina - FSM HVAC inventory only
P100032022,C100032022,REG HVACSALE CTA,Regina - Residential HVAC Sales - Sales
P100032023,C100032023,REG HVACSALE CTS,Regina - Residential HVAC Sales - Ops
P100032024,C100032024,REG RNC CTS,Regina - New Home Const - Ops
P100032025,C100032025,REG TANKLESS CAP,Regina - Tankless Waterheaters
P100032026,C100032026,REG ELECCPP CTA,Regina - Res Electric CPP - RMR
P100032027,C100032027,REG ELECCPP CTS,Regina - Res Electric CPP - Ops
P100032028,C100032028,REG EWH CTA,Regina - Electric WH - RMR
P100032029,C100032029,REG EWH CTS,Regina - Electric WH Ops     
P100032030,C100032030,REG RHVACINSTEXP,Regina - RHVAC Install Expense
P100032031,C100032031,REG COM WHSALE CTA,Regina - Comm WH Sales
P100032032,C100032032,REG COM WHSALE CTS,Regina - Comm WH Sales Ops
P100032033,C100032033,REG COM HVACCOD CTA,Regina - Comm HVAC COD Sales
P100032034,C100032034,REG COM HVACCOD CTS,Regina - Comm HVAC COD Ops
P100032035,C100032035,REG COMM CTA,Regina - Rental Commercial - RMR
P100032036,C100032036,REG COMM CTS,Regina - Rental Commercial - Ops
P100032037,C100032037,REG COM CPP CTA,Regina - Comm CPP RMR
P100032038,C100032038,REG COM CPP CTS,Regina - Comm CPP Ops
P100032039,C100032039,REG COM RHVAC CTA,Regina - Comm RHVAC RMR
P100032040,C100032040,REG COM RHVAC CTS,Regina - Comm RHVAC OPS
P100032041,C100032041,REG COMHVACSALE CTA,Regina - Comm HVAC Sales
P100032042,C100032042,REG COMHVACSALE CTS,Regina - Comm HVAC Sales Ops
P100032043,C100032043,REG COM PROJ CTA,Regina Comm Projects - Sales
P100032044,C100032044,REG COM PROJ CTS,Regina - Commercial Projects - Ops
P100032045,C100032045,REG PLCOD CTA,Regina - Res Plumb COD Sales
P100032046,C100032046,REG PLCOD CTS,Regina - Res Plumb COD Ops
P100032047,C100032047,REG PLCPP CTA,Regina - Res Plumb CPP RMR
P100032048,C100032048,REG PLCPP CTS,Regina - Res Plumb CPP Ops
P100032049,C100032049,REG PLRNC CTS,Regina - Plumbing New Const- Ops
P100032050,C100032050,REG WPSALES CTA,Regina Res Water Pur Sales - Sales
P100032051,C100032051,REG GEOTHERM CTA,Regina - Geothermal - Sales
P100032052,C100032052,REG GEOTERM CTS,Regina - Geothermal - Ops
P100032053,C100032053,REG RWH CAP,Regina - Rent WH Capital Install Cost
P100032054,C100032054,REG RFURN CAP,Regina - Rent Furnace Cap Costs
P100032055,C100032055,REG EWH CAP,Regina - EWH - Cap
P100032056,C100032056,REG WS CAP,Regina - RW Softener Cap Insta
P100032057,C100032057,REG SH CAP,Regina - SH - Cap
P100032058,C100032058,REG SHCOD CTA,Regina - SH COD - Sales
P100032059,C100032059,REG SHCOD CTS,Regina - SH COD - Ops
P100032060,C100032060,REG SHSALE CTA,Regina - SH Sales - Sales
P100032061,C100032061,REG SHSALE CTS,Regina - SH Sales - Ops
P100032062,C100032062,REG SHCPP CTA,Regina - SH CPP - Sales
P100032063,C100032063,REG SHCPP CTS,Regina - SH CPP - Ops
P100032064,C100032064,REG RENTSH CTA,Regina - SH Rental Service - RMR
P100032065,C100032065,REG RENTSH CTS,Regina - SH Rental Service - Ops
P100032066,C100032066,REG COM WPSALE CTA,Regina - Comm WP Sales - Sales
P100032067,C100032067,REG COM WPSALE CTS,Regina - Comm WP Sales - Ops
P100032068,C100032068,REG COM MO CTA,Regina Comm Maint Prot - Sales
P100032069,C100032069,REG COM MO CTS,Regina Comm Maint Prot - Ops
P100032070,C100032070,REG COMM CAP,Regina - R-Comm-Cap Costs
P100032071,C100032071,REG COMMRHVAC CAP,Regina - RHVAC-Comm-Cap Costs
P100032072,C100032072,REG PLRNC CTA,Regina - Plumbing New Const- Sales
P100032073,C100032073,REG RELEXP CTA,Regina - Reliance Express - RMR
P100032075,C100032075,REG COM PLCOD CTA,Regina - Comm Plumbing COD Sales
P100032076,C100032076,REG COM PLCOD CTS,Regina - Comm Plumbing COD Ops
P100032077,C100032077,REG DWHR CAP,Regina - DWHR - Cap
P100032078,C100032078,REG RSPEC CAP,Regina Rent Special Cap
P100032079,C100032079,REG CPPSALE CTS,Regina - Hem.-R-Ser-HPP - Ops
P100032080,C100032080,REG CPPSALE CTA,Regina - Hem.-R-Ser-HPP - Sales
P100032081,C100032081,REG RNC CTA,Regina - New Home Const - Sales
P100032082,C100032082,REG RELEXP CTS,Regina - Reliance Express - Ops
P100032083,C100032083,REG AH CAP,Regina - Rent Air Handler - Cap
P100033000,C100033000,VAN FSM AR / OH,Vancouver - FSM AR / OH only
P100033001,C100033001,VAN ELECCOD CTA,Vancouver - Res Elec COD - Sales
P100033002,C100033002,VAN ELECCOD CTS,Vancouver - Res Elec COD -Ops
P100033003,C100033003,VAN WPSALES CTS,Vancouver Res Water Pur Sales - Ops
P100033004,C100033004,VAN WP CTA,Vancouver Res Water Pur Rental - RMR
P100033005,C100033005,VAN WP CTS,Vancouver Res Water Pur Rental - Ops
P100033006,C100033006,VAN WHSALES CTA,Vancouver - Res WH Sales - Sales
P100033007,C100033007,VAN WHSALES CTS,Vancouver - Res WH Sales - Ops
P100033008,C100033008,VAN HVACCOD CTA,Vancouver - HVAC COD - Sales
P100033009,C100033009,VAN HVACCOD CTS,Vancouver - HVAC COD - Ops
P100033010,C100033010,VAN VRPL CTA,Vancouver - Vent Replacement - Sales
P100033011,C100033011,VAN VRPL CTS,Vancouver - Vent Replacement - Ops
P100033012,C100033012,VAN FSM WH,Vancouver - FSM WH inventory only
P100033013,C100033013,VAN RWH CTA,Vancouver - Residential WH - RMR
P100033014,C100033014,VAN RWH CTS,Vancouver - Residential WH - Ops
P100033015,C100033015,VAN HVACCPP CTA,Vancouver - Residential HVAC CPP - RMR
P100033016,C100033016,VAN HVACCPP CTS,Vancouver - Residential HVAC CPP - Ops
P100033017,C100033017,VAN RHVAC CTA,Vancouver - Res Rental HVAC - RMR
P100033018,C100033018,VAN RHVAC CTS,Vancouver - Res Rental HVAC - Ops
P100033019,C100033019,VAN EW CTS,Vancouver - In-House Ext.Warr - Ops
P100033020,C100033020,VAN FSM HVAC,Vancouver - FSM HVAC inventory only
P100033021,C100033021,VAN HVACSALE CTA,Vancouver - Res HVAC Sales - Sales
P100033022,C100033022,VAN HVACSALE CTS,Vancouver - Residential HVAC Sales - Ops
P100033023,C100033023,VAN TANKLESS CAP,Vancouver - Tankless Waterheaters
P100033024,C100033024,VAN ELECCPP CTA,Vancouver - Res Electric CPP - RMR
P100033025,C100033025,VAN EWH CTA,Vancouver - Electric WH - RMR
P100033026,C100033026,VAN EWH CTS,Vancouver - Electric WH Ops     
P100033027,C100033027,VAN RHVACINSTEXP,Vancouver - RHVAC Install Expense
P100033028,C100033028,VAN SHSALE CTS,Vancouver - SH Sales - Ops
P100033029,C100033029,VAN COM WPSALE CTS,Vancouver - Comm WP Sales - Ops
P100033030,C100033030,VAN COMM CTS,Vancouver - Rental Commercial - Ops
P100033031,C100033031,VAN COMHVACSALE CTS,Vancouver - Comm HVAC Sales Ops
P100033032,C100033032,VAN PLCOD CTS,Vancouver - Res Plumb COD Ops
P100033033,C100033033,VAN PLCPP CTA,Vancouver - Res Plumb CPP RMR
P100033034,C100033034,VAN PLCPP CTS,Vancouver - Res Plumb CPP Ops
P100033035,C100033035,VAN WPSALES CTA,Vancouver Res Water Pur Sales - Sales
P100033036,C100033036,VAN GEOTHERM CTA,Vancouver - Geothermal - Sales
P100033037,C100033037,VAN GEOTERM CTS,Vancouver - Geothermal - Ops
P100033038,C100033038,VAN RWH CAP,Vancouver - Rent WH Capital Install Cost
P100033039,C100033039,VAN RFURN CAP,Vancouver - Rent Furnace Cap Costs
P100033040,C100033040,VAN EWH CAP,Vancouver - EWH - Cap
P100033041,C100033041,VAN WS CAP,Vancouver - RW Softener Cap Insta
P100033042,C100033042,VAN SH CAP,Vancouver - SH - Cap
P100033043,C100033043,VAN ELECCPP CTS,Vancouver - Res Electric CPP - Ops
P100033044,C100033044,VAN SHCOD CTA,Vancouver - SH COD - Sales
P100033045,C100033045,VAN SHCOD CTS,Vancouver - SH COD - Ops
P100033046,C100033046,VAN SHSALE CTA,Vancouver - SH Sales - Sales
P100033047,C100033047,VAN SHCPP CTA,Vancouver - SH CPP - Sales
P100033048,C100033048,VAN SHCPP CTS,Vancouver - SH CPP - Ops
P100033049,C100033049,VAN RENTSH CTA,Vancouver - SH Rental Service - RMR
P100033050,C100033050,VAN RENTSH CTS,Vancouver - SH Rental Service - Ops
P100033051,C100033051,VAN COM WPSALE CTA,Vancouver - Comm WP Sales - Sales
P100033052,C100033052,VAN COM WHSALE CTA,Vancouver - Comm WH Sales
P100033053,C100033053,VAN COM WHSALE CTS,Vancouver - Comm WH Sales Ops
P100033054,C100033054,VAN COM HVACCOD CTA,Vancouver - Comm HVAC COD Sales
P100033055,C100033055,VAN COM HVACCOD CTS,Vancouver - Comm HVAC COD Ops
P100033056,C100033056,VAN COMM CTA,Vancouver - Rental Commercial - RMR
P100033057,C100033057,VAN COM MO CTA,Vancouver Comm Maint Prot - Sales
P100033058,C100033058,VAN COM MO CTS,Vancouver Comm Maint Prot - Ops
P100033059,C100033059,VAN COM CPP CTA,Vancouver - Comm CPP RMR
P100033060,C100033060,VAN COM CPP CTS,Vancouver - Comm CPP Ops
P100033061,C100033061,VAN COM RHVAC CTA,Vancouver - Comm RHVAC RMR
P100033062,C100033062,VAN COM RHVAC CTS,Vancouver - Comm RHVAC OPS
P100033063,C100033063,VAN COMHVACSALE CTA,Vancouver - Comm HVAC Sales
P100033064,C100033064,VAN COM PROJ CTA,Vancouver Comm Projects - Sales
P100033065,C100033065,VAN COM PROJ CTS,Vancouver - Commercial Projects - Ops
P100033066,C100033066,VAN COMM CAP,Vancouver - R-Comm-Cap Costs
P100033067,C100033067,VAN COMMRHVAC CAP,Vancouver - RHVAC-Comm-Cap Costs
P100033068,C100033068,VAN PLCOD CTA,Vancouver - Res Plumb COD Sales
P100033069,C100033069,VAN PLRNC CTA,Vancouver - Plumbing New Const- Sales
P100033070,C100033070,VAN PLRNC CTS,Vancouver - Plumbing New Const- Ops
P100033071,C100033071,VAN DWHR CAP,Vancouver - DWHR - Cap
P100033073,C100033073,VAN COM PLCOD CTA,Vancouver - Comm Plumbing COD Sales
P100033074,C100033074,VAN COM PLCOD CTS,Vancouver - Comm Plumbing COD Ops
P100033075,C100033075,VAN RSPEC CAP,Vancouver Rent Special Cap
P100033076,C100033076,VAN CPPSALE CTS,Vancouver - Hem.-R-Ser-HPP - Ops
P100033077,C100033077,VAN CPPSALE CTA,Vancouver - Hem.-R-Ser-HPP - Sales
P100033078,C100033078,VAN EW CTA,Vancouver - In-House Ext.Warr - Sales
P100033079,C100033079,VAN RNC CTS,Vancouver - New Home Const - Ops
P100033080,C100033080,VAN RNC CTA,Vancouver - New Home Const - Sales
P100033081,C100033081,VAN RELEXP CTS,Vancouver - Reliance Express - Ops
P100033082,C100033082,VAN RELEXP CTA,Vancouver - Reliance Express - RMR
P100033083,C100033083,VAN AH CAP,Vancouver - Rent Air Handler - Cap
P100033084,C100033084,VAN CPP MO CTA,Vancouver-Maint Contracts Ops
P100033085,C100033085,VAN CPP MO CTS,Vancouver-Maint Contracts Sales
P100034000,C100034000,SAS FSM AR / OH,Saskatoon - FSM AR / OH only
P100034001,C100034001,SAS ELECCOD CTA,Saskatoon - Res Elec COD - Sales
P100034002,C100034002,SAS ELECCOD CTS,Saskatoon - Res Elec COD -Ops
P100034003,C100034003,SAS WPSALES CTA,Saskatoon Res Water Pur Sales - Sales
P100034004,C100034004,SAS WPSALES CTS,Saskatoon Res Water Pur Sales - Ops
P100034005,C100034005,SAS WP CTA,Saskatoon Res Water Pur Rental - RMR
P100034006,C100034006,SAS WP CTS,Saskatoon Res Water Pur Rental - Ops
P100034007,C100034007,SAS WHSALES CTA,Saskatoon - Res WH Sales - Sales
P100034008,C100034008,SAS WHSALES CTS,Saskatoon - Res WH Sales - Ops
P100034009,C100034009,SAS HVACCOD CTA,Saskatoon - HVAC COD - Sales
P100034010,C100034010,SAS HVACCOD CTS,Saskatoon - HVAC COD - Ops
P100034011,C100034011,SAS VRPL CTS,Saskatoon - Vent Replacement - Ops
P100034012,C100034012,SAS FSM WH,Saskatoon - FSM WH inventory only
P100034013,C100034013,SAS RWH CTA,Saskatoon - Residential WH - RMR
P100034014,C100034014,SAS RWH CTS,Saskatoon - Residential WH - Ops
P100034015,C100034015,SAS HVACCPP CTA,Saskatoon - Residential HVAC CPP - RMR
P100034016,C100034016,SAS HVACCPP CTS,Saskatoon - Residential HVAC CPP - Ops
P100034017,C100034017,SAS RHVAC CTA,Saskatoon - Res Rental HVAC - RMR
P100034018,C100034018,SAS RHVAC CTS,Saskatoon - Res Rental HVAC - Ops
P100034019,C100034019,SAS EW CTS,Saskatoon - In-House Ext.Warr - Ops
P100034020,C100034020,SAS FSM HVAC,Saskatoon - FSM HVAC inventory only
P100034021,C100034021,SAS HVACSALE CTA,Saskatoon - Res HVAC Sales - Sales
P100034022,C100034022,SAS HVACSALE CTS,Saskatoon - Residential HVAC Sales - Ops
P100034023,C100034023,SAS RNC CTA,Saskatoon - New Home Const - Sales
P100034024,C100034024,SAS RNC CTS,Saskatoon - New Home Const - Ops
P100034025,C100034025,SAS ELECCPP CTA,Saskatoon - Res Electric CPP - RMR
P100034026,C100034026,SAS ELECCPP CTS,Saskatoon - Res Electric CPP - Ops
P100034027,C100034027,SAS EWH CTA,Saskatoon - Electric WH - RMR
P100034028,C100034028,SAS EWH CTS,Saskatoon - Electric WH Ops     
P100034029,C100034029,SAS RHVACINSTEXP,Saskatoon - RHVAC Install Expense
P100034030,C100034030,SAS COM WHSALE CTA,Saskatoon - Comm WH Sales
P100034031,C100034031,SAS COM HVACCOD CTS,Saskatoon - Comm HVAC COD Ops
P100034032,C100034032,SAS COMM CTS,Saskatoon - Rental Commercial - Ops
P100034033,C100034033,SAS COMHVACSALE CTA,Saskatoon - Comm HVAC Sales
P100034034,C100034034,SAS COMHVACSALE CTS,Saskatoon - Comm HVAC Sales Ops
P100034035,C100034035,SAS PLCOD CTA,Saskatoon - Res Plumb COD Sales
P100034036,C100034036,SAS PLCOD CTS,Saskatoon - Res Plumb COD Ops
P100034037,C100034037,SAS PLCPP CTA,Saskatoon - Res Plumb CPP RMR
P100034038,C100034038,SAS PLCPP CTS,Saskatoon - Res Plumb CPP Ops
P100034039,C100034039,SAS PLRNC CTA,Saskatoon - Plumbing New Const- Sales
P100034040,C100034040,SAS PLRNC CTS,Saskatoon - Plumbing New Const- Ops
P100034041,C100034041,SAS RELEXP CTA,Saskatoon - Reliance Express - RMR
P100034042,C100034042,SAS GEOTHERM CTA,Saskatoon - Geothermal - Sales
P100034043,C100034043,SAS GEOTERM CTS,Saskatoon - Geothermal - Ops
P100034044,C100034044,SAS RWH CAP,Saskatoon - Rent WH Capital Install Cost
P100034045,C100034045,SAS RFURN CAP,Saskatoon - Rent Furnace Cap Costs
P100034046,C100034046,SAS TANKLESS CAP,Saskatoon - Tankless Waterheaters
P100034047,C100034047,SAS EWH CAP,Saskatoon - EWH - Cap
P100034048,C100034048,SAS WS CAP,Saskatoon - RW Softener Cap Insta
P100034049,C100034049,SAS SH CAP,Saskatoon - SH - Cap
P100034050,C100034050,SAS SHCOD CTA,Saskatoon - SH COD - Sales
P100034051,C100034051,SAS SHCOD CTS,Saskatoon - SH COD - Ops
P100034052,C100034052,SAS SHSALE CTA,Saskatoon - SH Sales - Sales
P100034053,C100034053,SAS SHSALE CTS,Saskatoon - SH Sales - Ops
P100034054,C100034054,SAS SHCPP CTA,Saskatoon - SH CPP - Sales
P100034055,C100034055,SAS SHCPP CTS,Saskatoon - SH CPP - Ops
P100034056,C100034056,SAS RENTSH CTA,Saskatoon - SH Rental Service - RMR
P100034057,C100034057,SAS RENTSH CTS,Saskatoon - SH Rental Service - Ops
P100034058,C100034058,SAS COM WHSALE CTS,Saskatoon - Comm WH Sales Ops
P100034059,C100034059,SAS COM HVACCOD CTA,Saskatoon - Comm HVAC COD Sales
P100034060,C100034060,SAS COMM CTA,Saskatoon - Rental Commercial - RMR
P100034061,C100034061,SAS COM MO CTA,Saskatoon Comm Maint Prot - Sales
P100034062,C100034062,SAS COM MO CTS,Saskatoon Comm Maint Prot - Ops
P100034063,C100034063,SAS COM CPP CTA,Saskatoon - Comm CPP RMR
P100034064,C100034064,SAS COM CPP CTS,Saskatoon - Comm CPP Ops
P100034065,C100034065,SAS COM RHVAC CTA,Saskatoon - Comm RHVAC RMR
P100034066,C100034066,SAS COM RHVAC CTS,Saskatoon - Comm RHVAC OPS
P100034067,C100034067,SAS COM PROJ CTA,Saskatoon Comm Projects - Sales
P100034068,C100034068,SAS COM PROJ CTS,Saskatoon - Commercial Projects - Ops
P100034069,C100034069,SAS COMMRHVAC CAP,Saskatoon - RHVAC-Comm-Cap Costs
P100034071,C100034071,SAS COM PLCOD CTA,Saskatoon - Comm Plumbing COD Sales
P100034072,C100034072,SAS COM PLCOD CTS,Saskatoon - Comm Plumbing COD Ops
P100034073,C100034073,SAS COM WPSALE CTS,Saskatoon - Comm WP Sales - Ops
P100034074,C100034074,SAS COM WPSALE CTA,Saskatoon - Comm WP Sales - Sales
P100034075,C100034075,SAS DWHR CAP,Saskatoon - DWHR - Cap
P100034076,C100034076,SAS RSPEC CAP,Saskatoon Rent Special Cap
P100034077,C100034077,SAS CPPSALE CTS,Saskatoon - Hem.-R-Ser-HPP - Ops
P100034078,C100034078,SAS CPPSALE CTA,Saskatoon - Hem.-R-Ser-HPP - Sales
P100034079,C100034079,SAS EW CTA,Saskatoon - In-House Ext.Warr - Sales
P100034080,C100034080,SAS COMM CAP,Saskatoon - R-Comm-Cap Costs
P100034081,C100034081,SAS RELEXP CTS,Saskatoon - Reliance Express - Ops
P100034082,C100034082,SAS AH CAP,Saskatoon - Rent Air Handler - Cap
P100034083,C100034083,SAS VRPL CTA,Saskatoon - Vent Replacement - Sales
P100035000,C100035000,KEL WHSALES CTA,Kelowna - Res WH Sales - Sales
P100035001,C100035001,KEL HVACCOD CTA,Kelowna - HVAC COD - Sales
P100035002,C100035002,KEL FSM WH,Kelowna - FSM WH inventory only
P100035003,C100035003,KEL RWH CTA,Kelowna - Residential WH - RMR
P100035004,C100035004,KEL RWH CTS,Kelowna - Residential WH - Ops
P100035005,C100035005,KEL HVACSALE CTA,Kelowna - Residential HVAC Sales - Sales
P100035006,C100035006,KEL HVACSALE CTS,Kelowna - Residential HVAC Sales - Ops
P100035007,C100035007,KEL MO CTA,Kelowna - Maint Contracts Sales
P100035008,C100035008,KEL COM WHSALE CTA,Kelowna - Comm WH Sales
P100035009,C100035009,KEL COM HVACCOD CTA,Kelowna - Comm HVAC COD Sales
P100035010,C100035010,KEL COM MO CTA,Kelowna Comm Maint Prot - Sales
P100035011,C100035011,KEL COMHVACSALE CTA,Kelowna - Comm HVAC Sales
P100035012,C100035012,KEL PLCOD CTA,Kelowna - Res Plumb COD Sales
P100035013,C100035013,KEL ELECCOD CTA,Kelowna - Res Elec COD - Sales
P100035014,C100035014,KEL ELECCOD CTS,Kelowna - Res Elec COD -Ops
P100035015,C100035015,KEL WPSALES CTA,Kelowna Res Water Pur Sales - Sales
P100035016,C100035016,KEL WPSALES CTS,Kelowna Res Water Pur Sales - Ops
P100035017,C100035017,KEL WP CTA,Kelowna Res Water Pur Rental - RMR
P100035018,C100035018,KEL WP CTS,Kelowna Res Water Pur Rental - Ops
P100035019,C100035019,KEL WHSALES CTS,Kelowna - Res WH Sales - Ops
P100035020,C100035020,KEL HVACCOD CTS,Kelowna - HVAC COD - Ops
P100035021,C100035021,KEL VRPL CTS,Kelowna - Vent Replacement - Ops
P100035022,C100035022,KEL HVACCPP CTA,Kelowna - Residential HVAC CPP - RMR
P100035023,C100035023,KEL HVACCPP CTS,Kelowna - Residential HVAC CPP - Ops
P100035024,C100035024,KEL RHVAC CTA,Kelowna - Residential Rental HVAC - RMR
P100035025,C100035025,KEL RHVAC CTS,Kelowna - Residential Rental HVAC - Ops
P100035026,C100035026,KEL EW CTS,Kelowna - In-House Ext.Warr - Ops
P100035027,C100035027,KEL RNC CTA,Kelowna - New Home Const - Sales
P100035028,C100035028,KEL RNC CTS,Kelowna - New Home Const - Ops
P100035029,C100035029,KEL GEOTHERM CTA,Kelowna - Geothermal - Sales
P100035030,C100035030,KEL GEOTERM CTS,Kelowna - Geothermal - Ops
P100035031,C100035031,KEL WS CAP,Kelowna - RW Softener Cap Insta
P100035032,C100035032,KEL SH CAP,Kelowna - SH - Cap
P100035033,C100035033,KEL ELECCPP CTA,Kelowna - Res Electric CPP - RMR
P100035034,C100035034,KEL ELECCPP CTS,Kelowna - Res Electric CPP - Ops
P100035035,C100035035,KEL EWH CTA,Kelowna - Electric WH - RMR
P100035036,C100035036,KEL EWH CTS,Kelowna - Electric WH Ops     
P100035037,C100035037,KEL RHVACINSTEXP,Kelowna - RHVAC Install Expense
P100035038,C100035038,KEL SHCOD CTA,Kelowna - SH COD - Sales
P100035039,C100035039,KEL SHCOD CTS,Kelowna - SH COD - Ops
P100035040,C100035040,KEL SHSALE CTA,Kelowna - SH Sales - Sales
P100035041,C100035041,KEL SHSALE CTS,Kelowna - SH Sales - Ops
P100035042,C100035042,KEL SHCPP CTA,Kelowna - SH CPP - Sales
P100035043,C100035043,KEL SHCPP CTS,Kelowna - SH CPP - Ops
P100035044,C100035044,KEL RENTSH CTA,Kelowna - SH Rental Service - RMR
P100035045,C100035045,KEL RENTSH CTS,Kelowna - SH Rental Service - Ops
P100035046,C100035046,KEL COM WHSALE CTS,Kelowna - Comm WH Sales Ops
P100035047,C100035047,KEL COM HVACCOD CTS,Kelowna - Comm HVAC COD Ops
P100035048,C100035048,KEL COMM CTA,Kelowna - Rental Commercial - RMR
P100035049,C100035049,KEL COMM CTS,Kelowna - Rental Commercial - Ops
P100035050,C100035050,KEL COM MO CTS,Kelowna Comm Maint Prot - Ops
P100035051,C100035051,KEL COM CPP CTA,Kelowna - Comm CPP RMR
P100035052,C100035052,KEL COM CPP CTS,Kelowna - Comm CPP Ops
P100035053,C100035053,KEL COM RHVAC CTA,Kelowna - Comm RHVAC RMR
P100035054,C100035054,KEL COM RHVAC CTS,Kelowna - Comm RHVAC OPS
P100035055,C100035055,KEL COMHVACSALE CTS,Kelowna - Comm HVAC Sales Ops
P100035056,C100035056,KEL COM PROJ CTA,Kelowna Comm Projects - Sales
P100035057,C100035057,KEL COM PROJ CTS,Kelowna - Commercial Projects - Ops
P100035058,C100035058,KEL COMMRHVAC CAP,Kelowna - RHVAC-Comm-Cap Costs
P100035059,C100035059,KEL PLCOD CTS,Kelowna - Res Plumb COD Ops
P100035060,C100035060,KEL PLCPP CTA,Kelowna - Res Plumb CPP RMR
P100035061,C100035061,KEL PLCPP CTS,Kelowna - Res Plumb CPP Ops
P100035062,C100035062,KEL PLRNC CTA,Kelowna - Plumbing New Const- Sales
P100035063,C100035063,KEL PLRNC CTS,Kelowna - Plumbing New Const- Ops
P100035097,C100035097,KEL COM PLCOD CTA,Kelowna - Comm Plumbing COD Sales
P100035098,C100035098,KEL COM PLCOD CTS,Kelowna - Comm Plumbing COD Ops
P100035099,C100035099,KEL COM WPSALE CTS,Kelowna - Comm WP Sales - Ops
P100035100,C100035100,KEL COM WPSALE CTA,Kelowna - Comm WP Sales - Sales
P100035101,C100035101,KEL DWHR CAP,Kelowna - DWHR - Cap
P100035102,C100035102,KEL RSPEC CAP,Kelowna Rent Special Cap
P100035103,C100035103,KEL EWH CAP,Kelowna - EWH - Cap
P100035104,C100035104,KEL FSM AR / OH,Kelowna - FSM AR / OH only
P100035105,C100035105,KEL FSM HVAC,Kelowna - FSM HVAC inventory only
P100035106,C100035106,KEL CPPSALE CTS,Kelowna - Hem.-R-Ser-HPP - Ops
P100035107,C100035107,KEL CPPSALE CTA,Kelowna - Hem.-R-Ser-HPP - Sales
P100035108,C100035108,KEL EW CTA,Kelowna - In-House Ext.Warr - Sales
P100035109,C100035109,KEL COMM CAP,Kelowna - R-Comm-Cap Costs
P100035110,C100035110,KEL RELEXP CTS,Kelowna - Reliance Express - Ops
P100035111,C100035111,KEL RELEXP CTA,Kelowna - Reliance Express - RMR
P100035112,C100035112,KEL AH CAP,Kelowna - Rent Air Handler - Cap
P100035113,C100035113,KEL RWH CAP,Kelowna - Rent WH Capital Install Cost
P100035114,C100035114,KEL RFURN CAP,Kelowna - Rent Furnace Cap Costs
P100035115,C100035115,KEL TANKLESS CAP,Kelowna - Tankless Waterheaters
P100035116,C100035116,KEL VRPL CTA,Kelowna - Vent Replacement - Sales
P100035117,C100035117,KEL MO CTS,Kelowna - Maint Contracts Ops
P100036000,C100036000,HTH WP CTA,Heath Res Water Pur Rental - RMR
P100036001,C100036001,HTH HVACCOD CTS,Heath - HVAC COD - Ops
P100036002,C100036002,HTH FSM WH,Heath - FSM WH inventory only
P100036003,C100036003,HTH RWH CTA,Heath - Residential WH - RMR
P100036004,C100036004,HTH RWH CTS,Heath - Residential WH - Ops
P100036005,C100036005,HTH ELECCOD CTA,Heath - Res Elec COD - Sales
P100036006,C100036006,HTH ELECCOD CTS,Heath - Res Elec COD -Ops
P100036007,C100036007,HTH WPSALES CTA,Heath Res Water Pur Sales - Sales
P100036008,C100036008,HTH WPSALES CTS,Heath Res Water Pur Sales - Ops
P100036009,C100036009,HTH WP CTS,Heath Res Water Pur Rental - Ops
P100036010,C100036010,HTH WHSALES CTA,Heath - Res WH Sales - Sales
P100036011,C100036011,HTH WHSALES CTS,Heath - Res WH Sales - Ops
P100036012,C100036012,HTH HVACCOD CTA,Heath - HVAC COD - Sales
P100036013,C100036013,HTH VRPL CTA,Heath - Vent Replacement - Sales
P100036014,C100036014,HTH VRPL CTS,Heath - Vent Replacement - Ops
P100036015,C100036015,HTH HVACCPP CTA,Heath - Residential HVAC CPP - RMR
P100036016,C100036016,HTH HVACCPP CTS,Heath - Residential HVAC CPP - Ops
P100036017,C100036017,HTH RHVAC CTA,Heath - Residential Rental HVAC - RMR
P100036018,C100036018,HTH RHVAC CTS,Heath - Residential Rental HVAC - Ops
P100036019,C100036019,HTH EW CTS,Heath - In-House Ext.Warr - Ops
P100036020,C100036020,HTH HVACSALE CTA,Heath - Residential HVAC Sales - Sales
P100036021,C100036021,HTH HVACSALE CTS,Heath - Residential HVAC Sales - Ops
P100036022,C100036022,HTH GEOTHERM CTA,Heath - Geothermal - Sales
P100036023,C100036023,HTH GEOTERM CTS,Heath - Geothermal - Ops
P100036024,C100036024,HTH RWH CAP,Heath - Rent WH Capital Install Cost
P100036025,C100036025,HTH RFURN CAP,Heath - Rent Furnace Cap Costs
P100036026,C100036026,HTH TANKLESS CAP,Heath - Tankless Waterheaters
P100036027,C100036027,HTH EWH CAP,Heath - EWH - Cap
P100036028,C100036028,HTH WS CAP,Heath - RW Softener Cap Insta
P100036029,C100036029,HTH ELECCPP CTA,Heath - Res Electric CPP - RMR
P100036030,C100036030,HTH ELECCPP CTS,Heath - Res Electric CPP - Ops
P100036031,C100036031,HTH EWH CTA,Heath - Electric WH - RMR
P100036032,C100036032,HTH EWH CTS,Heath - Electric WH Ops     
P100036033,C100036033,HTH RHVACINSTEXP,Heath - RHVAC Install Expense
P100036034,C100036034,HTH COM WPSALE CTA,Heath - Comm WP Sales - Sales
P100036035,C100036035,HTH COM WPSALE CTS,Heath - Comm WP Sales - Ops
P100036036,C100036036,HTH COM WHSALE CTA,Heath - Comm WH Sales
P100036037,C100036037,HTH COM WHSALE CTS,Heath - Comm WH Sales Ops
P100036038,C100036038,HTH COM HVACCOD CTA,Heath - Comm HVAC COD Sales
P100036039,C100036039,HTH COM HVACCOD CTS,Heath - Comm HVAC COD Ops
P100036040,C100036040,HTH COMM CTA,Heath - Rental Commercial - RMR
P100036041,C100036041,HTH COMM CTS,Heath - Rental Commercial - Ops
P100036042,C100036042,HTH COM MO CTA,Heath Comm Maint Prot - Sales
P100036043,C100036043,HTH COM MO CTS,Heath Comm Maint Prot - Ops
P100036044,C100036044,HTH COM CPP CTA,Heath - Comm CPP RMR
P100036045,C100036045,HTH COM CPP CTS,Heath - Comm CPP Ops
P100036046,C100036046,HTH COM RHVAC CTA,Heath - Comm RHVAC RMR
P100036047,C100036047,HTH COM RHVAC CTS,Heath - Comm RHVAC OPS
P100036048,C100036048,HTH COMHVACSALE CTA,Heath - Comm HVAC Sales
P100036049,C100036049,HTH COMHVACSALE CTS,Heath - Comm HVAC Sales Ops
P100036050,C100036050,HTH COM PROJ CTA,Heath Comm Projects - Sales
P100036051,C100036051,HTH COM PROJ CTS,Heath - Commercial Projects - Ops
P100036052,C100036052,HTH COMM CAP,Heath - R-Comm-Cap Costs
P100036053,C100036053,HTH COMMRHVAC CAP,Heath - RHVAC-Comm-Cap Costs
P100036054,C100036054,HTH PLCOD CTA,Heath - Res Plumb COD Sales
P100036055,C100036055,HTH PLCOD CTS,Heath - Res Plumb COD Ops
P100036056,C100036056,HTH PLCPP CTA,Heath - Res Plumb CPP RMR
P100036057,C100036057,HTH PLCPP CTS,Heath - Res Plumb CPP Ops
P100036058,C100036058,HTH PLRNC CTA,Heath - Plumbing New Const- Sales
P100036059,C100036059,HTH PLRNC CTS,Heath - Plumbing New Const- Ops
P100036061,C100036061,HTH COM PLCOD CTA,Heath - Comm Plumbing COD Sales
P100036062,C100036062,HTH COM PLCOD CTS,Heath - Comm Plumbing COD Ops
P100036063,C100036063,HTH DWHR CAP,Heath - DWHR - Cap
P100036064,C100036064,HTH RSPEC CAP,Heath Rent Special Cap
P100036065,C100036065,HTH FSM AR / OH,Heath - FSM AR / OH only
P100036066,C100036066,HTH FSM HVAC,Heath - FSM HVAC inventory only
P100036067,C100036067,HTH CPPSALE CTS,Heath - Hem.-R-Ser-HPP - Ops
P100036068,C100036068,HTH CPPSALE CTA,Heath - Hem.-R-Ser-HPP - Sales
P100036069,C100036069,HTH EW CTA,Heath - In-House Ext.Warr - Sales
P100036070,C100036070,HTH RNC CTS,Heath - New Home Const - Ops
P100036071,C100036071,HTH RNC CTA,Heath - New Home Const - Sales
P100036072,C100036072,HTH RELEXP CTS,Heath - Reliance Express - Ops
P100036073,C100036073,HTH RELEXP CTA,Heath - Reliance Express - RMR
P100036074,C100036074,HTH AH CAP,Heath - Rent Air Handler - Cap
P100036075,C100036075,HTH SH CAP,Heath - SH - Cap
P100036076,C100036076,HTH SHCOD CTS,Heath - SH COD - Ops
P100036077,C100036077,HTH SHCOD CTA,Heath - SH COD - Sales
P100036078,C100036078,HTH SHCPP CTS,Heath - SH CPP - Ops
P100036079,C100036079,HTH SHCPP CTA,Heath - SH CPP - Sales
P100036080,C100036080,HTH RENTSH CTS,Heath - SH Rental Service - Ops
P100036081,C100036081,HTH RENTSH CTA,Heath - SH Rental Service - RMR
P100036082,C100036082,HTH SHSALE CTS,Heath - SH Sales - Ops
P100036083,C100036083,HTH SHSALE CTA,Heath - SH Sales - Sales
P100036084,C100036084,EDW Project,Enterprise Data Warehouse Project
P100036085,C100036085,Prophix Project,Prophix Project
P100008003,C100008003,EAST CC RWH CTS,EAST CC - Residential WH - Ops
P100008004,C100008004,EAST CC HVACCPP CTS,EAST CC - Residential HVAC CPP - Ops
P100008005,C100008005,EAST CC RHVAC CTS,EAST CC - Residential Rental HVAC - Ops
P100008006,C100008006,EAST CC HVACSALE CTS,EAST CC - Residential HVAC Sales - Ops
P100008007,C100008007,EAST CC ELECCOD CTA,EAST CC - Res Elec COD - Sales
P100008008,C100008008,EAST CC ELECCOD CTS,EAST CC - Res Elec COD -Ops
P100008009,C100008009,EAST CC WPSALES CTA,EAST CC Res Water Pur Sales - Sales
P100008010,C100008010,EAST CC WPSALES CTS,EAST CC Res Water Pur Sales - Ops
P100008011,C100008011,EAST CC WP CTA,EAST CC Res Water Pur Rental - RMR
P100008012,C100008012,EAST CC WP CTS,EAST CC Res Water Pur Rental - Ops
P100008013,C100008013,EAST CC WHSALES CTS,EAST CC - Res WH Sales - Ops
P100008014,C100008014,EAST CC HVACCOD CTA,EAST CC - HVAC COD - Sales
P100008015,C100008015,EAST CC HVACCOD CTS,EAST CC - HVAC COD - Ops
P100008016,C100008016,EAST CC VRPL CTA,EAST CC - Vent Replacement - Sales
P100008017,C100008017,EAST CC VRPL CTS,EAST CC - Vent Replacement - Ops
P100008018,C100008018,EAST CC FSM WH,EAST CC - FSM WH inventory only
P100008019,C100008019,EAST CC RWH CTA,EAST CC - Residential WH - RMR
P100008020,C100008020,EAST CC HVACCPP CTA,EAST CC - Residential HVAC CPP - RMR
P100008021,C100008021,EAST CC RHVAC CTA,EAST CC - Residential Rental HVAC - RMR
P100008022,C100008022,EAST CC EW CTS,EAST CC - In-House Ext.Warr - Ops
P100008023,C100008023,EAST CC FSM HVAC,EAST CC - FSM HVAC inventory only
P100008024,C100008024,EAST CC HVACSALE CTA,EAST CC - Residential HVAC Sales - Sales
P100008025,C100008025,EAST CC GEOTERM CTS,EAST CC - Geothermal - Ops
P100008026,C100008026,EAST CC RWH CAP,EAST CC - Rent WH Capital Install Cost
P100008027,C100008027,EAST CC RFURN CAP,EAST CC - Rent Furnace Cap Costs
P100008028,C100008028,EAST CC TANKLESS CAP,EAST CC - Tankless Waterheaters
P100008029,C100008029,EAST CC ELECCPP CTA,EAST CC - Res Electric CPP - RMR
P100008030,C100008030,EAST CC ELECCPP CTS,EAST CC - Res Electric CPP - Ops
P100008031,C100008031,EAST CC EWH CTA,EAST CC - Electric WH - RMR
P100008032,C100008032,EAST CC EWH CTS,EAST CC - Electric WH Ops     
P100008033,C100008033,EAST CC RHVACINSTEXP,EAST CC - RHVAC Install Expense
P100008034,C100008034,EAST CC SHCOD CTS,EAST CC - SH COD - Ops
P100008035,C100008035,EAST CC SHSALE CTA,EAST CC - SH Sales - Sales
P100008036,C100008036,EAST CC SHSALE CTS,EAST CC - SH Sales - Ops
P100008037,C100008037,EAST CC RENTSH CTA,EAST CC - SH Rental Service - RMR
P100008038,C100008038,EASTCC COMWHSALE CTS,EAST CC - Comm WH Sales Ops
P100008039,C100008039,EASTCC COMHVACOD CTS,EAST CC - Comm HVAC COD Ops
P100008040,C100008040,EAST CC COMM CTA,EAST CC - Rental Commercial - RMR
P100008041,C100008041,EAST CC COMM CTS,EAST CC - Rental Commercial - Ops
P100008042,C100008042,EAST CC COMRHVAC CTA,EAST CC - Comm RHVAC RMR
P100008043,C100008043,EAST CC COMRHVAC CTS,EAST CC - Comm RHVAC OPS
P100008044,C100008044,EASTCC CMHVACSAL CTA,EAST CC - Comm HVAC Sales
P100008045,C100008045,EASTCC COMHVCSAL CTS,EAST CC - Comm HVAC Sales Ops
P100008046,C100008046,EAST CC COM PROJ CTS,EAST CC - Commercial Projects - Ops
P100008047,C100008047,EAST CC PLCOD CTA,EAST CC - Res Plumb COD Sales
P100008048,C100008048,EAST CC PLCOD CTS,EAST CC - Res Plumb COD Ops
P100008049,C100008049,EAST CC PLCPP CTA,EAST CC - Res Plumb CPP RMR
P100008050,C100008050,EAST CC PLCPP CTS,EAST CC - Res Plumb CPP Ops
P100008051,C100008051,EAST CC RELEXP CTA,EAST CC - Reliance Express - RMR
P100008052,C100008052,EAST CC RELEXP CTS,EAST CC - Reliance Express - Ops
P100008053,C100008053,EAST CC WHSALES CTA,EAST CC - Res WH Sales - Sales
P100008054,C100008054,EAST CC GEOTHERM CTA,EAST CC - Geothermal - Sales
P100008055,C100008055,EAST CC EWH CAP,EAST CC - EWH - Cap
P100008056,C100008056,EAST CC WS CAP,EAST CC - RW Softener Cap Insta
P100008057,C100008057,EAST CC SH CAP,EAST CC - SH - Cap
P100008058,C100008058,EAST CC SHCOD CTA,EAST CC - SH COD - Sales
P100008059,C100008059,EAST CC SHCPP CTA,EAST CC - SH CPP - Sales
P100008060,C100008060,EAST CC SHCPP CTS,EAST CC - SH CPP - Ops
P100008061,C100008061,EAST CC RENTSH CTS,EAST CC - SH Rental Service - Ops
P100008062,C100008062,EASTCC COMWPSALE CTA,EAST CC - Comm WP Sales - Sales
P100008063,C100008063,EASTCC COMWPSALE CTS,EAST CC - Comm WP Sales - Ops
P100008064,C100008064,EASTCC COMWHSALE CTA,EAST CC - Comm WH Sales
P100008065,C100008065,EASTCC COMHVACOD CTA,EAST CC - Comm HVAC COD Sales
P100008066,C100008066,EAST CC COM MO CTA,EAST CC Comm Maint Prot - Sales
P100008067,C100008067,EAST CC COM MO CTS,EAST CC Comm Maint Prot - Ops
P100008068,C100008068,EAST CC COM CPP CTA,EAST CC - Comm CPP RMR
P100008069,C100008069,EAST CC COM CPP CTS,EAST CC - Comm CPP Ops
P100008070,C100008070,EAST CC COM PROJ CTA,EAST CC Comm Projects - Sales
P100008071,C100008071,EAST CC COMM CAP,EAST CC - R-Comm-Cap Costs
P100008072,C100008072,EAST CC COMRHVAC CAP,EAST CC - RHVAC-Comm-Cap Costs
P100008073,C100008073,EAST CC PLRNC CTA,EAST CC - Plumbing New Const- Sales
P100008074,C100008074,EAST CC PLRNC CTS,EAST CC - Plumbing New Const- Ops
P100008075,C100008075,EAST CC AH CAP,EAST CC - Rent Air Handler - Cap
P100008076,C100008076,EAST CC COMPLCOD CTA,EAST CC - Comm Plumbing COD Sales
P100008077,C100008077,EAST CC COMPLCOD CTS,EAST CC - Comm Plumbing COD Ops
P100008078,C100008078,EAST CC DWHR CAP,EAST CC - DWHR - Cap
P100008079,C100008079,EAST CC RSPEC CAP,EAST CC Rent Special Cap
P100008080,C100008080,EAST CC CPPSALE CTS,EAST CC - Hem.-R-Ser-HPP - Ops
P100008081,C100008081,EAST CC CPPSALE CTA,EAST CC - Hem.-R-Ser-HPP - Sales
P100008082,C100008082,EAST CC EW CTA,EAST CC - In-House Ext.Warr - Sales
P100008083,C100008083,EAST CC RNC CTS,EAST CC - New Home Const - Ops
P100008084,C100008084,EAST CC RNC CTA,EAST CC - New Home Const - Sales
P100008085,C100008085,West CC RWH CTS,West CC - Residential WH - Ops
P100008086,C100008086,West CC HVACCPP CTS,West CC - Residential HVAC CPP - Ops
P100008087,C100008087,West CC RHVAC CTS,West CC - Residential Rental HVAC - Ops
P100008088,C100008088,West CC HVACSALE CTS,West CC - Residential HVAC Sales - Ops
P100008089,C100008089,West CC ELECCOD CTA,West CC - Res Elec COD - Sales
P100008090,C100008090,West CC ELECCOD CTS,West CC - Res Elec COD -Ops
P100008091,C100008091,West CC WPSALES CTA,West CC Res Water Pur Sales - Sales
P100008092,C100008092,West CC WPSALES CTS,West CC Res Water Pur Sales - Ops
P100008093,C100008093,West CC WP CTA,West CC Res Water Pur Rental - RMR
P100008094,C100008094,West CC WP CTS,West CC Res Water Pur Rental - Ops
P100008095,C100008095,West CC WHSALES CTS,West CC - Res WH Sales - Ops
P100008096,C100008096,West CC HVACCOD CTA,West CC - HVAC COD - Sales
P100008097,C100008097,West CC HVACCOD CTS,West CC - HVAC COD - Ops
P100008098,C100008098,West CC VRPL CTA,West CC - Vent Replacement - Sales
P100008099,C100008099,West CC VRPL CTS,West CC - Vent Replacement - Ops
P100008100,C100008100,West CC FSM WH,West CC - FSM WH inventory only
P100008101,C100008101,West CC RWH CTA,West CC - Residential WH - RMR
P100008102,C100008102,West CC HVACCPP CTA,West CC - Residential HVAC CPP - RMR
P100008103,C100008103,West CC RHVAC CTA,West CC - Residential Rental HVAC - RMR
P100008104,C100008104,West CC EW CTS,West CC - In-House Ext.Warr - Ops
P100008105,C100008105,West CC FSM HVAC,West CC - FSM HVAC inventory only
P100008106,C100008106,West CC HVACSALE CTA,West CC - Residential HVAC Sales - Sales
P100008107,C100008107,West CC GEOTERM CTS,West CC - Geothermal - Ops
P100008108,C100008108,West CC RWH CAP,West CC - Rent WH Capital Install Cost
P100008109,C100008109,West CC RFURN CAP,West CC - Rent Furnace Cap Costs
P100008110,C100008110,West CC TANKLESS CAP,West CC - Tankless Waterheaters
P100008111,C100008111,West CC ELECCPP CTA,West CC - Res Electric CPP - RMR
P100008112,C100008112,West CC ELECCPP CTS,West CC - Res Electric CPP - Ops
P100008113,C100008113,West CC EWH CTA,West CC - Electric WH - RMR
P100008114,C100008114,West CC EWH CTS,West CC - Electric WH Ops     
P100008115,C100008115,West CC RHVACINSTEXP,West CC - RHVAC Install Expense
P100008116,C100008116,West CC SHCOD CTS,West CC - SH COD - Ops
P100008117,C100008117,West CC SHSALE CTA,West CC - SH Sales - Sales
P100008118,C100008118,West CC SHSALE CTS,West CC - SH Sales - Ops
P100008119,C100008119,West CC RENTSH CTA,West CC - SH Rental Service - RMR
P100008120,C100008120,WestCC COMWHSALE CTS,West CC - Comm WH Sales Ops
P100008121,C100008121,WestCC COMHVACOD CTS,West CC - Comm HVAC COD Ops
P100008122,C100008122,West CC COMM CTA,West CC - Rental Commercial - RMR
P100008123,C100008123,West CC COMM CTS,West CC - Rental Commercial - Ops
P100008124,C100008124,West CC COMRHVAC CTA,West CC - Comm RHVAC RMR
P100008125,C100008125,West CC COMRHVAC CTS,West CC - Comm RHVAC OPS
P100008126,C100008126,WestCC CMHVACSAL CTA,West CC - Comm HVAC Sales
P100008127,C100008127,WestCC CMHVACSAL CTS,West CC - Comm HVAC Sales Ops
P100008128,C100008128,West CC COM PROJ CTS,West CC - Commercial Projects - Ops
P100008129,C100008129,West CC PLCOD CTA,West CC - Res Plumb COD Sales
P100008130,C100008130,West CC PLCOD CTS,West CC - Res Plumb COD Ops
P100008131,C100008131,West CC PLCPP CTA,West CC - Res Plumb CPP RMR
P100008132,C100008132,West CC PLCPP CTS,West CC - Res Plumb CPP Ops
P100008133,C100008133,West CC RELEXP CTA,West CC - Reliance Express - RMR
P100008134,C100008134,West CC RELEXP CTS,West CC - Reliance Express - Ops
P100008135,C100008135,West CC WHSALES CTA,West CC - Res WH Sales - Sales
P100008136,C100008136,West CC GEOTHERM CTA,West CC - Geothermal - Sales
P100008137,C100008137,West CC EWH CAP,West CC - EWH - Cap
P100008138,C100008138,West CC WS CAP,West CC - RW Softener Cap Insta
P100008139,C100008139,West CC SH CAP,West CC - SH - Cap
P100008140,C100008140,West CC SHCOD CTA,West CC - SH COD - Sales
P100008141,C100008141,West CC SHCPP CTA,West CC - SH CPP - Sales
P100008142,C100008142,West CC SHCPP CTS,West CC - SH CPP - Ops
P100008143,C100008143,West CC RENTSH CTS,West CC - SH Rental Service - Ops
P100008144,C100008144,WestCC COMWPSALE CTA,West CC - Comm WP Sales - Sales
P100008145,C100008145,WestCC COMWPSALE CTS,West CC - Comm WP Sales - Ops
P100008146,C100008146,WestCC COMWHSALE CTA,West CC - Comm WH Sales
P100008147,C100008147,WestCC COMHVACOD CTA,West CC - Comm HVAC COD Sales
P100008148,C100008148,West CC COM MO CTA,West CC Comm Maint Prot - Sales
P100008149,C100008149,West CC COM MO CTS,West CC Comm Maint Prot - Ops
P100008150,C100008150,West CC COM CPP CTA,West CC - Comm CPP RMR
P100008151,C100008151,West CC COM CPP CTS,West CC - Comm CPP Ops
P100008152,C100008152,West CC COM PROJ CTA,West CC Comm Projects - Sales
P100008153,C100008153,West CC COMM CAP,West CC - R-Comm-Cap Costs
P100008154,C100008154,West CC COMRHVAC CAP,West CC - RHVAC-Comm-Cap Costs
P100008155,C100008155,West CC PLRNC CTA,West CC - Plumbing New Const- Sales
P100008156,C100008156,West CC PLRNC CTS,West CC - Plumbing New Const- Ops
P100008157,C100008157,West CC AH CAP,West CC - Rent Air Handler - Cap
P100008158,C100008158,West CC COMPLCOD CTA,West CC - Comm Plumbing COD Sales
P100008159,C100008159,West CC COMPLCOD CTS,West CC - Comm Plumbing COD Ops
P100008160,C100008160,West CC DWHR CAP,West CC - DWHR - Cap
P100008161,C100008161,West CC RSPEC CAP,West CC Rent Special Cap
P100008162,C100008162,West CC CPPSALE CTS,West CC - Hem.-R-Ser-HPP - Ops
P100008163,C100008163,West CC CPPSALE CTA,West CC - Hem.-R-Ser-HPP - Sales
P100008164,C100008164,West CC EW CTA,West CC - In-House Ext.Warr - Sales
P100008165,C100008165,West CC RNC CTS,West CC - New Home Const - Ops
P100008166,C100008166,West CC RNC CTA,West CC - New Home Const - Sales
P100008167,C100008167,Cent CC ELECCOD CTA,Cent CC - Res Elec COD - Sales
P100008168,C100008168,Cent CC ELECCOD CTS,Cent CC - Res Elec COD -Ops
P100008169,C100008169,Cent CC WPSALES CTA,Cent CC Res Water Pur Sales - Sales
P100008170,C100008170,Cent CC WPSALES CTS,Cent CC Res Water Pur Sales - Ops
P100008171,C100008171,Cent CC WP CTA,Cent CC Res Water Pur Rental - RMR
P100008172,C100008172,Cent CC WP CTS,Cent CC Res Water Pur Rental - Ops
P100008173,C100008173,Cent CC WHSALES CTS,Cent CC - Res WH Sales - Ops
P100008174,C100008174,Cent CC HVACCOD CTA,Cent CC - HVAC COD - Sales
P100008175,C100008175,Cent CC HVACCOD CTS,Cent CC - HVAC COD - Ops
P100008176,C100008176,Cent CC VRPL CTA,Cent CC - Vent Replacement - Sales
P100008177,C100008177,Cent CC VRPL CTS,Cent CC - Vent Replacement - Ops
P100008178,C100008178,Cent CC FSM WH,Cent CC - FSM WH inventory only
P100008179,C100008179,Cent CC RWH CTA,Cent CC - Residential WH - RMR
P100008180,C100008180,Cent CC RWH CTS,Cent CC - Residential WH - Ops
P100008181,C100008181,Cent CC HVACCPP CTA,Cent CC - Residential HVAC CPP - RMR
P100008182,C100008182,Cent CC HVACCPP CTS,Cent CC - Residential HVAC CPP - Ops
P100008183,C100008183,Cent CC RHVAC CTA,Cent CC - Residential Rental HVAC - RMR
P100008184,C100008184,Cent CC RHVAC CTS,Cent CC - Residential Rental HVAC - Ops
P100008185,C100008185,Cent CC EW CTS,Cent CC - In-House Ext.Warr - Ops
P100008186,C100008186,Cent CC FSM HVAC,Cent CC - FSM HVAC inventory only
P100008187,C100008187,Cent CC HVACSALE CTA,Cent CC - Residential HVAC Sales - Sales
P100008188,C100008188,Cent CC HVACSALE CTS,Cent CC - Residential HVAC Sales - Ops
P100008189,C100008189,Cent CC GEOTERM CTS,Cent CC - Geothermal - Ops
P100008190,C100008190,Cent CC RWH CAP,Cent CC - Rent WH Capital Install Cost
P100008191,C100008191,Cent CC RFURN CAP,Cent CC - Rent Furnace Cap Costs
P100008192,C100008192,Cent CC TANKLESS CAP,Cent CC - Tankless Waterheaters
P100008193,C100008193,Cent CC ELECCPP CTA,Cent CC - Res Electric CPP - RMR
P100008194,C100008194,Cent CC ELECCPP CTS,Cent CC - Res Electric CPP - Ops
P100008195,C100008195,Cent CC EWH CTA,Cent CC - Electric WH - RMR
P100008196,C100008196,Cent CC EWH CTS,Cent CC - Electric WH Ops     
P100008197,C100008197,Cent CC RHVACINSTEXP,Cent CC - RHVAC Install Expense
P100008198,C100008198,Cent CC SHCOD CTS,Cent CC - SH COD - Ops
P100008199,C100008199,Cent CC SHSALE CTA,Cent CC - SH Sales - Sales
P100008200,C100008200,Cent CC SHSALE CTS,Cent CC - SH Sales - Ops
P100008201,C100008201,Cent CC RENTSH CTA,Cent CC - SH Rental Service - RMR
P100008202,C100008202,CentCC COMWHSALE CTS,Cent CC - Comm WH Sales Ops
P100008203,C100008203,CentCC COMHVACOD CTS,Cent CC - Comm HVAC COD Ops
P100008204,C100008204,Cent CC COMM CTA,Cent CC - Rental Commercial - RMR
P100008205,C100008205,Cent CC COMM CTS,Cent CC - Rental Commercial - Ops
P100008206,C100008206,Cent CC COMRHVAC CTA,Cent CC - Comm RHVAC RMR
P100008207,C100008207,Cent CC COMRHVAC CTS,Cent CC - Comm RHVAC OPS
P100008208,C100008208,CentCC COMHVCSAL CTA,Cent CC - Comm HVAC Sales
P100008209,C100008209,CentCC COMHVCSAL CTS,Cent CC - Comm HVAC Sales Ops
P100008210,C100008210,Cent CC COM PROJ CTS,Cent CC - Commercial Projects - Ops
P100008211,C100008211,Cent CC PLCOD CTA,Cent CC - Res Plumb COD Sales
P100008212,C100008212,Cent CC PLCOD CTS,Cent CC - Res Plumb COD Ops
P100008213,C100008213,Cent CC PLCPP CTA,Cent CC - Res Plumb CPP RMR
P100008214,C100008214,Cent CC PLCPP CTS,Cent CC - Res Plumb CPP Ops
P100008215,C100008215,Cent CC RELEXP CTA,Cent CC - Reliance Express - RMR
P100008216,C100008216,Cent CC RELEXP CTS,Cent CC - Reliance Express - Ops
P100008217,C100008217,Cent CC WHSALES CTA,Cent CC - Res WH Sales - Sales
P100008218,C100008218,Cent CC GEOTHERM CTA,Cent CC - Geothermal - Sales
P100008219,C100008219,Cent CC EWH CAP,Cent CC - EWH - Cap
P100008220,C100008220,Cent CC WS CAP,Cent CC - RW Softener Cap Insta
P100008221,C100008221,Cent CC SH CAP,Cent CC - SH - Cap
P100008222,C100008222,Cent CC SHCOD CTA,Cent CC - SH COD - Sales
P100008223,C100008223,Cent CC SHCPP CTA,Cent CC - SH CPP - Sales
P100008224,C100008224,Cent CC SHCPP CTS,Cent CC - SH CPP - Ops
P100008225,C100008225,Cent CC RENTSH CTS,Cent CC - SH Rental Service - Ops
P100008226,C100008226,CentCC COMWPSALE CTA,Cent CC - Comm WP Sales - Sales
P100008227,C100008227,CentCC COMWPSALE CTS,Cent CC - Comm WP Sales - Ops
P100008228,C100008228,CentCC COMWHSALE CTA,Cent CC - Comm WH Sales
P100008229,C100008229,CentCC COMHVACOD CTA,Cent CC - Comm HVAC COD Sales
P100008230,C100008230,Cent CC COM MO CTA,Cent CC Comm Maint Prot - Sales
P100008231,C100008231,Cent CC COM MO CTS,Cent CC Comm Maint Prot - Ops
P100008232,C100008232,Cent CC COM CPP CTA,Cent CC - Comm CPP RMR
P100008233,C100008233,Cent CC COM CPP CTS,Cent CC - Comm CPP Ops
P100008234,C100008234,Cent CC COM PROJ CTA,Cent CC Comm Projects - Sales
P100008235,C100008235,Cent CC COMM CAP,Cent CC - R-Comm-Cap Costs
P100008236,C100008236,Cent CC COMRHVAC CAP,Cent CC - RHVAC-Comm-Cap Costs
P100008237,C100008237,Cent CC PLRNC CTA,Cent CC - Plumbing New Const- Sales
P100008238,C100008238,Cent CC PLRNC CTS,Cent CC - Plumbing New Const- Ops
P100008239,C100008239,Cent CC AH CAP,Cent CC - Rent Air Handler - Cap
P100008240,C100008240,Cent CC COMPLCOD CTA,Cent CC - Comm Plumbing COD Sales
P100008241,C100008241,Cent CC COMPLCOD CTS,Cent CC - Comm Plumbing COD Ops
P100008242,C100008242,Cent CC DWHR CAP,Cent CC - DWHR - Cap
P100008243,C100008243,Cent CC RSPEC CAP,Cent CC Rent Special Cap
P100008244,C100008244,Cent CC CPPSALE CTS,Cent CC - Hem.-R-Ser-HPP - Ops
P100008245,C100008245,Cent CC CPPSALE CTA,Cent CC - Hem.-R-Ser-HPP - Sales
P100008246,C100008246,Cent CC EW CTA,Cent CC - In-House Ext.Warr - Sales
P100008247,C100008247,Cent CC RNC CTS,Cent CC - New Home Const - Ops
P100008248,C100008248,Cent CC RNC CTA,Cent CC - New Home Const - Sales
P199900002,C199900002,Canco Elim RHVAC,Canco Elim RHVAC Rent Free
P100005053,C100005053,"IT Development ","IT Development "
P220038001,C220038001,"BBS, LLC","BBS, LLC"
P220038002,C220038002,BBS ELECCOD CTA,BBS - Res Elec COD - Sales
P220038003,C220038003,BBS ELECCOD CTS,BBS - Res Elec COD -Ops
P220038004,C220038004,BBS RESGUARD CTA,BBS - Res Comfort Guard - Sales
P220038005,C220038005,BBS RESGUARD CTS,BBS - Res Comfort Guard - Ops
P220038006,C220038006,BBS RBP CTA,BBS - Res Building Performance - Sales
P220038007,C220038007,BBS RBP CTS,BBS - Res Building Performance - Ops
P220038008,C220038008,BBS DUCT CTA,BBS - Res Duct Cleaning - Sales
P220038009,C220038009,BBS DUCT CTS,BBS - Res Duct Cleaning - Ops
P220038010,C220038010,BBS WHSALES CTS,BBS - Res WH Sales - Ops
P220038011,C220038011,BBS HVACCOD CTA,BBS - Res HVAC COD - Sales
P220038012,C220038012,BBS HVACCOD CTS,BBS - Res HVAC COD - Ops
P220038013,C220038013,BBS RWH CTA,BBS - Res Residential WH - RMR
P220038014,C220038014,BBS RWH CTS,BBS - Res Residential WH - Ops
P220038015,C220038015,BBS HVACCPP CTA,BBS - Res Residential HVAC CPP - RMR
P220038016,C220038016,BBS HVACCPP CTS,BBS - Res Residential HVAC CPP - Ops
P220038017,C220038017,BBS RHVAC CTA,BBS - Res Residential Rental HVAC - RMR
P220038018,C220038018,BBS RHVAC CTS,BBS - Res Residential Rental HVAC - Ops
P220038019,C220038019,BBS EW CTS,BBS - In-House Ext.Warr - Ops
P220038020,C220038020,BBS HVACSALE CTA,BBS - Residential HVAC Sales - Sales
P220038021,C220038021,BBS HVACSALE CTS,BBS - Residential  HVAC Sales - Ops
P220038022,C220038022,BBS EWH CTA,BBS - Res Electric WH - RMR
P220038023,C220038023,BBS RHVACINSTEXP,BBS - RHVAC Install Expense
P220038024,C220038024,BBS MO CTA,BBS - Maint Contracts Sales
P220038025,C220038025,BBS MO CTS,BBS - Maint Contracts Ops
P220038026,C220038026,BBS COMELCOD CTA,BBS - Comm Elec COD - Sales
P220038027,C220038027,BBS COMELCOD CTS,BBS - Comm Elec COD Ops
P220038028,C220038028,BBS COM HVACCOD CTA,BBS - Comm HVAC COD - Sales
P220038029,C220038029,BBS COM HVACCOD CTS,BBS - Comm HVAC COD Ops
P220038030,C220038030,BBS COM CPP CTA,BBS - Comm CPP RMR
P220038031,C220038031,BBS COM CPP CTS,BBS - Comm CPP Ops
P220038032,C220038032,BBS COMHVACSALE CTA,BBS - Comm HVAC Sales
P220038033,C220038033,BBS COMHVACSALE CTS,BBS - Comm HVAC Sales Ops
P220038034,C220038034,BBS COM MO CTA,BBS - Comm Maint Contracts Sales
P220038035,C220038035,BBS COM MO CTS,BBS - Comm Maint Contracts Ops
P220038036,C220038036,BBS PLCOD CTA,BBS - Res Plumb COD Sales
P220038037,C220038037,BBS PLCOD CTS,BBS - Res Plumb COD Ops
P220038038,C220038038,BBS COM PLCOD CTA,BBS - Comm Plumbing COD - Sales
P220038039,C220038039,BBS COM PLCOD CTS,BBS - Comm Plumbing COD - Ops
P220038040,C220038040,BBS COM MO CTS,BBS Comm Maint Prot - Ops
P220038041,C220038041,BBS COM MO CTA,BBS Comm Maint Prot - Sales
P220038042,C220038042,BBS COM RHVAC CTS,BBS - Comm RHVAC OPS
P220038043,C220038043,BBS COM RHVAC CTA,BBS - Comm RHVAC RMR
P220038044,C220038044,BBS COM WHSALE CTA,BBS - Comm WH Sales
P220038045,C220038045,BBS COM WHSALE CTS,BBS - Comm WH Sales Ops
P220038046,C220038046,BBS COM WPSALE CTS,BBS - Comm WP Sales - Ops
P220038047,C220038047,BBS COM WPSALE CTA,BBS - Comm WP Sales - Sales
P220038048,C220038048,BBS COM PROJ CTS,BBS - Commercial Projects - Ops
P220038049,C220038049,BBS COM PROJ CTA,BBS Comm Projects - Sales
P220038050,C220038050,BBS DWHR CAP,BBS - DWHR - Cap
P220038051,C220038051,BBS RSPEC CAP,BBS Rent Special Cap
P220038052,C220038052,BBS EWH CTS,BBS - Electric WH Ops     
P220038053,C220038053,BBS EWH CAP,BBS - EWH - Cap
P220038054,C220038054,BBS GEOTERM CTS,BBS - Geothermal - Ops
P220038055,C220038055,BBS GEOTHERM CTA,BBS - Geothermal - Sales
P220038056,C220038056,BBS CPPSALE CTS,BBS - Hem.-R-Ser-HPP - Ops
P220038057,C220038057,BBS CPPSALE CTA,BBS - Hem.-R-Ser-HPP - Sales
P220038058,C220038058,BBS EW CTA,BBS - In-House Ext.Warr - Sales
P220038059,C220038059,BBS RNC CTS,BBS - New Home Const - Ops
P220038060,C220038060,BBS RNC CTA,BBS - New Home Const - Sales
P220038061,C220038061,BBS PLRNC CTS,BBS - Plumbing New Const- Ops
P220038062,C220038062,BBS PLRNC CTA,BBS - Plumbing New Const- Sales
P220038063,C220038063,BBS COMM CAP,BBS - R-Comm-Cap Costs
P220038064,C220038064,BBS RELEXP CTS,BBS - Reliance Express - Ops
P220038065,C220038065,BBS RELEXP CTA,BBS - Reliance Express - RMR
P220038066,C220038066,BBS AH CAP,BBS - Rent Air Handler - Cap
P220038067,C220038067,BBS RWH CAP,BBS - Rent WH Capital Install Cost
P220038068,C220038068,BBS RFURN CAP,BBS - Rent Furnace Cap Costs
P220038069,C220038069,BBS COMM CTS,BBS - Rental Commercial - Ops
P220038070,C220038070,BBS COMM CTA,BBS - Rental Commercial - RMR
P220038071,C220038071,BBS ELECCPP CTS,BBS - Res Electric CPP - Ops
P220038072,C220038072,BBS ELECCPP CTA,BBS - Res Electric CPP - RMR
P220038073,C220038073,BBS HVACSALE OH,BBS - Res Residential HVAC Sales - OH
P220038074,C220038074,BBS PLCPP CTS,BBS - Res Plumb CPP Ops
P220038075,C220038075,BBS PLCPP CTA,BBS - Res Plumb CPP RMR
P220038076,C220038076,BBS RWH OH,BBS - Res Residential WH - OH
P220038077,C220038077,BBS WHSALES CTA,BBS - Res WH Sales - Sales
P220038078,C220038078,BBS COMMRHVAC CAP,BBS - RHVAC-Comm-Cap Costs
P220038079,C220038079,BBS WS CAP,BBS - RW Softener Cap Insta
P220038080,C220038080,BBS SH CAP,BBS - SH - Cap
P220038081,C220038081,BBS SHCOD CTS,BBS - SH COD - Ops
P220038082,C220038082,BBS SHCOD CTA,BBS - SH COD - Sales
P220038083,C220038083,BBS SHCPP CTS,BBS - SH CPP - Ops
P220038084,C220038084,BBS SHCPP CTA,BBS - SH CPP - Sales
P220038085,C220038085,BBS RENTSH CTS,BBS - SH Rental Service - Ops
P220038086,C220038086,BBS RENTSH CTA,BBS - SH Rental Service - RMR
P220038087,C220038087,BBS SHSALE CTS,BBS - SH Sales - Ops
P220038088,C220038088,BBS SHSALE CTA,BBS - SH Sales - Sales
P220038089,C220038089,BBS TANKLESS CAP,BBS - Tankless Waterheaters
P220038090,C220038090,BBS VRPL CTS,BBS - Vent Replacement - Ops
P220038091,C220038091,BBS VRPL CTA,BBS - Vent Replacement - Sales
P220038092,C220038092,BBS WP CTA,BBS Res Water Pur Rental - RMR
P220038093,C220038093,BBS WPSALES CTS,BBS Res Water Pur Sales - Ops
P220038094,C220038094,BBS WPSALES CTA,BBS Res Water Pur Sales - Sales
P220038095,C220038095,BBS WP CTS,BBS Res Water Pur Rental - Ops
P220038096,C220038096,BBS APPCOD CTS,BBS - Appliance COD - Ops
P220038097,C220038097,BBS APPCOD CTA,BBS - Appliance COD - Sales
P220038098,C220038098,BBS APPSALES CTS,BBS - Appliance Sales - Ops
P220038099,C220038099,BBS APPSALES CTA,BBS - Appliance Sales - Sales
P100005054,C100005054,IT SAP Expenditures,IT SAP Expenditures
P210009096,C210009096,RH&A EV Sales - Sales,RH&A EV Sales - Sales
P100010084,C100010084,Ham EV Sales - Sales,Ham EV Sales - Sales
P100011084,C100011084,Halt EV Sales - Sales,Halt EV Sales - Sales
P100012084,C100012084,Niag EV Sales - Sales,Niag EV Sales - Sales
P100013084,C100013084,Tor EV Sales - Sales,Tor EV Sales - Sales
P100014084,C100014084,York EV Sales - Sales,York EV Sales - Sales
P100015084,C100015084,Bram EV Sales - Sales,Bram EV Sales - Sales
P100016084,C100016084,Miss EV Sales - Sales,Miss EV Sales - Sales
P100017084,C100017084,Camb EV Sales - Sales,Camb EV Sales - Sales
P100018084,C100018084,Brant EV Sales - Sales,Brant EV Sales - Sales
P100019084,C100019084,Lond EV Sales - Sales,Lond EV Sales - Sales
P100020084,C100020084,Sarn EV Sales - Sales,Sarn EV Sales - Sales
P100021084,C100021084,Wind EV Sales - Sales,Wind EV Sales - Sales
P100022084,C100022084,Dur EV Sales - Sales,Dur EV Sales - Sales
P100023084,C100023084,King EV Sales - Sales,King EV Sales - Sales
P100024084,C100024084,Ott EV Sales - Sales,Ott EV Sales - Sales
P100025084,C100025084,Sud EV Sales - Sales,Sud EV Sales - Sales
P100026084,C100026084,Tbay EV Sales - Sales,Tbay EV Sales - Sales
P100027084,C100027084,CentON EV Sales - Sales,CentON EV Sales - Sales
P100028084,C100028084,SSM EV Sales - Sales,SSM EV Sales - Sales
P100029084,C100029084,Cgy EV Sales - Sales,Cgy EV Sales - Sales
P100030084,C100030084,Edm EV Sales - Sales,Edm EV Sales - Sales
P100031084,C100031084,Wpg EV Sales - Sales,Wpg EV Sales - Sales
P100032084,C100032084,Reg EV Sales - Sales,Reg EV Sales - Sales
P100033086,C100033086,Van EV Sales - Sales,Van EV Sales - Sales
P100034084,C100034084,Sask EV Sales - Sales,Sask EV Sales - Sales
P100035118,C100035118,Kelowna EV Sales - Sale,Kelowna EV Sales - Sale
P100036086,C100036086,Heath - SH Sales - Sales,Heath - SH Sales - Sales
P100008253,C100008253,East CC EV Sales - Sales,East CC EV Sales - Sales
P100008257,C100008257,West CC EV Sales - Sales,West CC EV Sales - Sales
P100008249,C100008249,Central CC EV Sales - Sales,Central CC EV Sales - Sales
P210009097,C210009097,"RH&A EV Rental Cap ","RH&A EV Rental Cap "
P100010085,C100010085,"Ham EV Rental Cap ","Ham EV Rental Cap "
P100011085,C100011085,"Halt EV Rental Cap ","Halt EV Rental Cap "
P100012085,C100012085,"Niag EV Rental Cap ","Niag EV Rental Cap "
P100013085,C100013085,"Tor EV Rental Cap ","Tor EV Rental Cap "
P100014085,C100014085,"York EV Rental Cap ","York EV Rental Cap "
P100015085,C100015085,"Bram EV Rental Cap ","Bram EV Rental Cap "
P100016085,C100016085,"Miss EV Rental Cap ","Miss EV Rental Cap "
P100017085,C100017085,"Camb EV Rental Cap ","Camb EV Rental Cap "
P100018085,C100018085,"Brant EV Rental Cap ","Brant EV Rental Cap "
P100019085,C100019085,"Lond EV Rental Cap ","Lond EV Rental Cap "
P100020085,C100020085,"Sarn EV Rental Cap ","Sarn EV Rental Cap "
P100021085,C100021085,"Wind EV Rental Cap ","Wind EV Rental Cap "
P100022085,C100022085,"Dur EV Rental Cap ","Dur EV Rental Cap "
P100023085,C100023085,"King EV Rental Cap ","King EV Rental Cap "
P100024085,C100024085,"Ott EV Rental Cap ","Ott EV Rental Cap "
P100025085,C100025085,"Sud EV Rental Cap ","Sud EV Rental Cap "
P100026085,C100026085,"Tbay EV Rental Cap ","Tbay EV Rental Cap "
P100027085,C100027085,"CentON EV Rental Cap ","CentON EV Rental Cap "
P100028085,C100028085,"SSM EV Rental Cap ","SSM EV Rental Cap "
P100029085,C100029085,"Cgy EV Rental Cap ","Cgy EV Rental Cap "
P100030085,C100030085,"Edm EV Rental Cap ","Edm EV Rental Cap "
P100031085,C100031085,"Wpg EV Rental Cap ","Wpg EV Rental Cap "
P100032085,C100032085,"Reg EV Rental Cap ","Reg EV Rental Cap "
P100033087,C100033087,"Van EV Rental Cap ","Van EV Rental Cap "
P100034085,C100034085,"Sask EV Rental Cap ","Sask EV Rental Cap "
P100035119,C100035119,Kelowna EV Rental Cap,Kelowna EV Rental Cap
P100036087,C100036087,Heath - EV Rental Cap,Heath - EV Rental Cap
P100008254,C100008254,"East CC EV Rental Cap ","East CC EV Rental Cap "
P100008258,C100008258,"West CC EV Rental Cap ","West CC EV Rental Cap "
P100008250,C100008250,"Central CC EV Rental Cap ","Central CC EV Rental Cap "
P210009098,C210009098,RH&A EV Rental - Ops,RH&A EV Rental - Ops
P100010086,C100010086,Ham EV Rental - Ops,Ham EV Rental - Ops
P100011086,C100011086,Halt EV Rental - Ops,Halt EV Rental - Ops
P100012086,C100012086,Niag EV Rental - Ops,Niag EV Rental - Ops
P100013086,C100013086,Tor EV Rental - Ops,Tor EV Rental - Ops
P100014086,C100014086,York EV Rental - Ops,York EV Rental - Ops
P100015086,C100015086,Bram EV Rental - Ops,Bram EV Rental - Ops
P100016086,C100016086,Miss EV Rental - Ops,Miss EV Rental - Ops
P100017086,C100017086,Camb EV Rental - Ops,Camb EV Rental - Ops
P100018086,C100018086,Brant EV Rental - Ops,Brant EV Rental - Ops
P100019086,C100019086,Lond EV Rental - Ops,Lond EV Rental - Ops
P100020086,C100020086,Sarn EV Rental - Ops,Sarn EV Rental - Ops
P100021086,C100021086,Wind EV Rental - Ops,Wind EV Rental - Ops
P100022086,C100022086,Dur EV Rental - Ops,Dur EV Rental - Ops
P100023086,C100023086,King EV Rental - Ops,King EV Rental - Ops
P100024086,C100024086,Ott EV Rental - Ops,Ott EV Rental - Ops
P100025086,C100025086,Sud EV Rental - Ops,Sud EV Rental - Ops
P100026086,C100026086,Tbay EV Rental - Ops,Tbay EV Rental - Ops
P100027086,C100027086,CentON EV Rental - Ops,CentON EV Rental - Ops
P100028086,C100028086,SSM EV Rental - Ops,SSM EV Rental - Ops
P100029086,C100029086,Cgy EV Rental - Ops,Cgy EV Rental - Ops
P100030086,C100030086,Edm EV Rental - Ops,Edm EV Rental - Ops
P100031086,C100031086,Wpg EV Rental - Ops,Wpg EV Rental - Ops
P100032086,C100032086,Reg EV Rental - Ops,Reg EV Rental - Ops
P100033088,C100033088,Van EV Rental - Ops,Van EV Rental - Ops
P100034086,C100034086,Sask EV Rental - Ops,Sask EV Rental - Ops
P100035120,C100035120,Kel EV Rental - Ops,Kel EV Rental - Ops
P100036088,C100036088,Heath - EV Rental - Ops,Heath - EV Rental - Ops
P100008255,C100008255,East CC EV Rental - Ops,East CC EV Rental - Ops
P100008259,C100008259,West CC EV Rental - Ops,West CC EV Rental - Ops
P100008251,C100008251,Central CC EV Rental - Ops,Central CC EV Rental - Ops
P210009099,C210009099,RH&A EV Sales - Ops,RH&A EV Sales - Ops
P100010087,C100010087,Ham EV Sales - Ops,Ham EV Sales - Ops
P100011087,C100011087,Halt EV Sales - Ops,Halt EV Sales - Ops
P100012087,C100012087,Niag EV Sales - Ops,Niag EV Sales - Ops
P100013087,C100013087,Tor EV Sales - Ops,Tor EV Sales - Ops
P100014087,C100014087,York EV Sales - Ops,York EV Sales - Ops
P100015087,C100015087,Bram EV Sales - Ops,Bram EV Sales - Ops
P100016087,C100016087,Miss EV Sales - Ops,Miss EV Sales - Ops
P100017087,C100017087,Camb EV Sales - Ops,Camb EV Sales - Ops
P100018087,C100018087,Brant EV Sales - Ops,Brant EV Sales - Ops
P100019087,C100019087,Lond EV Sales - Ops,Lond EV Sales - Ops
P100020087,C100020087,Sarn EV Sales - Ops,Sarn EV Sales - Ops
P100021087,C100021087,Wind EV Sales - Ops,Wind EV Sales - Ops
P100022087,C100022087,Dur EV Sales - Ops,Dur EV Sales - Ops
P100023087,C100023087,King EV Sales - Ops,King EV Sales - Ops
P100024087,C100024087,Ott EV Sales - Ops,Ott EV Sales - Ops
P100025087,C100025087,Sud EV Sales - Ops,Sud EV Sales - Ops
P100026087,C100026087,Tbay EV Sales - Ops,Tbay EV Sales - Ops
P100027087,C100027087,CentON EV Sales - Ops,CentON EV Sales - Ops
P100028087,C100028087,SSM EV Sales - Ops,SSM EV Sales - Ops
P100029087,C100029087,Cgy EV Sales - Ops,Cgy EV Sales - Ops
P100030087,C100030087,Edm EV Sales - Ops,Edm EV Sales - Ops
P100031087,C100031087,Wpg EV Sales - Ops,Wpg EV Sales - Ops
P100032087,C100032087,Reg EV Sales - Ops,Reg EV Sales - Ops
P100033089,C100033089,Van EV Sales - Ops,Van EV Sales - Ops
P100034087,C100034087,Sask EV Sales - Ops,Sask EV Sales - Ops
P100035121,C100035121,Kelowna EV Sales - Ops,Kelowna EV Sales - Sale
P100036089,C100036089,Heath - EV Sales - Ops,Heath - EV Sales - Ops
P100008256,C100008256,East CC EV Sales - Ops,East CC EV Sales - Ops
P100008260,C100008260,West CC EV Sales - Ops,West CC EV Sales - Ops
P100008252,C100008252,Central CC EV Sales - Ops,Central CC EV Sales - Ops
P210009100,C210009100,RH&A EV Rental - RMR,RH&A EV Rental - RMR
P100010088,C100010088,Ham EV Rental - RMR,Ham EV Rental - RMR
P100011088,C100011088,Halt EV Rental - RMR,Halt EV Rental - RMR
P100012088,C100012088,Niag EV Rental - RMR,Niag EV Rental - RMR
P100013088,C100013088,Tor EV Rental - RMR,Tor EV Rental - RMR
P100014088,C100014088,York EV Rental - RMR,York EV Rental - RMR
P100015088,C100015088,Bram EV Rental - RMR,Bram EV Rental - RMR
P100016088,C100016088,Miss EV Rental - RMR,Miss EV Rental - RMR
P100017088,C100017088,Camb EV Rental - RMR,Camb EV Rental - RMR
P100018088,C100018088,Brant EV Rental - RMR,Brant EV Rental - RMR
P100019088,C100019088,Lond EV Rental - RMR,Lond EV Rental - RMR
P100020088,C100020088,Sarn EV Rental - RMR,Sarn EV Rental - RMR
P100021088,C100021088,Wind EV Rental - RMR,Wind EV Rental - RMR
P100022088,C100022088,Dur EV Rental - RMR,Dur EV Rental - RMR
P100023088,C100023088,King EV Rental - RMR,King EV Rental - RMR
P100024088,C100024088,Ott EV Rental - RMR,Ott EV Rental - RMR
P100025088,C100025088,Sud EV Rental - RMR,Sud EV Rental - RMR
P100026088,C100026088,Tbay EV Rental - RMR,Tbay EV Rental - RMR
P100027088,C100027088,CentON EV Rental - RMR,CentON EV Rental - RMR
P100028088,C100028088,SSM EV Rental - RMR,SSM EV Rental - RMR
P100029088,C100029088,Cgy EV Rental - RMR,Cgy EV Rental - RMR
P100030088,C100030088,Edm EV Rental - RMR,Edm EV Rental - RMR
P100031088,C100031088,Wpg EV Rental - RMR,Wpg EV Rental - RMR
P100032088,C100032088,Reg EV Rental - RMR,Reg EV Rental - RMR
P100033090,C100033090,Van EV Rental - RMR,Van EV Rental - RMR
P100034088,C100034088,Sask EV Rental - RMR,Sask EV Rental - RMR
P100035122,C100035122,Kelowna EV Rental - RMR,Kelowna EV Rental - RMR
P100036090,C100036090,Heath - EV Rental - RMR,Heath - EV Rental - RMR
P100008263,C100008263,East CC EV Rental - RMR,East CC EV Rental - RMR
P100008264,C100008264,West CC EV Rental - RMR,West CC EV Rental - RMR
P100008265,C100008265,Central CC EV Rental - RMR,Central CC EV Rental - RMR
P100000001,C100000001,Corp-Admin.-Default,Corp-Admin.-Default
P100000001,C100000001,Corp-Admin.-Default,Corp-Admin.-Default
P100000001,C100000001,Corp-Admin.-Default,Corp-Admin.-Default
P100000001,C100000001,Corp-Admin.-Default,Corp-Admin.-Default
P100005005,C100005005,Customer Accounting,Customer Accounting
P100000001,C100000001,Corp-Admin.-Default,Corp-Admin.-Default
P100005012,C100005012,OSH: ARISE,OSH: ARISE
P100005030,C100005030,Corporate Legal Admin,Corporate Legal Admin
P100000001,C100000001,Corp-Admin.-Default,Corp-Admin.-Default
P100000001,C100000001,Corp-Admin.-Default,Corp-Admin.-Default
P100005047,C100005047,Corporate Sales,Corporate Sales
P100005047,C100005047,Corporate Sales,Corporate Sales
P100000001,C100000001,Corp-Admin.-Default,Corp-Admin.-Default
P100005023,C100005023,Corp Marketing,Corp Marketing
P100005023,C100005023,Corp Marketing,Corp Marketing
P100005046,C100005046,Shared Srvcs-Central Services,Shared Srvcs-Central Services
P100000001,C100000001,Corp-Admin.-Default,Corp-Admin.-Default
P100005018,C100005018,Dealer,Dealer
P100000001,C100000001,Corp-Admin.-Default,Corp-Admin.-Default
P100018016,C100018016,Brantford - Res HVAC CPP - RMR,Brantford - Residential HVAC CPP - RMR
P100017015,C100017015,Cambridge - Res HVAC CPP - RMR,Cambridge - Residential HVAC CPP - RMR
P100000001,C100000001,Corp-Admin.-Default,Corp-Admin.-Default
P100019015,C100019015,London - Res HVAC CPP - RMR,London - Residential HVAC CPP - RMR
P100014014,C100014014,York - Res HVAC CPP - RMR,York - Residential HVAC CPP - RMR
P100016015,C100016015,Mississauga - Res HVAC CPP - RMR,Mississauga - Residential HVAC CPP - RMR
P100014014,C100014014,York - Res HVAC CPP - RMR,York - Residential HVAC CPP - RMR
P100000001,C100000001,Corp-Admin.-Default,Corp-Admin.-Default
P100000001,C100000001,Corp-Admin.-Default,Corp-Admin.-Default
P100025015,C100025015,Sudbury - Res HVAC CPP - RMR,Sudbury - Residential HVAC CPP - RMR
P100000001,C100000001,Corp-Admin.-Default,Corp-Admin.-Default
P100025015,C100025015,Sudbury - Res HVAC CPP - RMR,Sudbury - Residential HVAC CPP - RMR
P100025051,C100025051,Sudbury - Rent WH Cap Inst Cost,Sudbury - Rent WH Capital Install Cost
P100012012,C100012012,Niagara - Res HVAC CPP - RMR,Niagara - Residential HVAC CPP - RMR
P100013015,C100013015,Toronto - Res HVAC CPP - RMR,Toronto - Residential HVAC CPP - RMR
P100000001,C100000001,Corp-Admin.-Default,Corp-Admin.-Default
P100013024,C100013024,Toronto - Rent WH Cap Inst Cost,Toronto - Rent WH Capital Install Cost
P100005046,C100005046,Shared Srvcs-Central Services,Shared Srvcs-Central Services
P100005033,C100005033,Financial Planning & Analysis,Financial Planning & Analysis
P100000001,C100000001,Corp-Admin.-Default,Corp-Admin.-Default
P100000001,C100000001,Corp-Admin.-Default,Corp-Admin.-Default
P100005033,C100005033,Financial Planning & Analysis,Financial Planning & Analysis
P100000001,C100000001,Corp-Admin.-Default,Corp-Admin.-Default
P100000001,C100000001,Corp-Admin.-Default,Corp-Admin.-Default
P100000001,C100000001,Corp-Admin.-Default,Corp-Admin.-Default
P100005033,C100005033,Financial Planning & Analysis,Financial Planning & Analysis
P100000001,C100000001,Corp-Admin.-Default,Corp-Admin.-Default
P100000001,C100000001,Corp-Admin.-Default,Corp-Admin.-Default
P100000001,C100000001,Corp-Admin.-Default,Corp-Admin.-Default
P100000001,C100000001,Corp-Admin.-Default,Corp-Admin.-Default
P100000001,C100000001,Corp-Admin.-Default,Corp-Admin.-Default
P100000001,C100000001,Corp-Admin.-Default,Corp-Admin.-Default
P100000001,C100000001,Corp-Admin.-Default,Corp-Admin.-Default
P100000001,C100000001,Corp-Admin.-Default,Corp-Admin.-Default
P100000001,C100000001,Corp-Admin.-Default,Corp-Admin.-Default
P100000001,C100000001,Corp-Admin.-Default,Corp-Admin.-Default
P100000001,C100000001,Corp-Admin.-Default,Corp-Admin.-Default
P100000001,C100000001,Corp-Admin.-Default,Corp-Admin.-Default
P100000001,C100000001,Corp-Admin.-Default,Corp-Admin.-Default
P100000001,C100000001,Corp-Admin.-Default,Corp-Admin.-Default
P100000001,C100000001,Corp-Admin.-Default,Corp-Admin.-Default
P100000001,C100000001,Corp-Admin.-Default,Corp-Admin.-Default
P100000001,C100000001,Corp-Admin.-Default,Corp-Admin.-Default
P100000001,C100000001,Corp-Admin.-Default,Corp-Admin.-Default
P100000001,C100000001,Corp-Admin.-Default,Corp-Admin.-Default
P100000001,C100000001,Corp-Admin.-Default,Corp-Admin.-Default
P100000001,C100000001,Corp-Admin.-Default,Corp-Admin.-Default
P100000001,C100000001,Corp-Admin.-Default,Corp-Admin.-Default
P100005002,C100005002,OPERATIONS SUPPORT,OPERATIONS SUPPORT
P100005033,C100005033,Financial Planning & Analysis,Financial Planning & Analysis
P100000001,C100000001,Corp-Admin.-Default,Corp-Admin.-Default
P100005003,C100005003,Health and Safety,Health and Safety
P100000001,C100000001,Corp-Admin.-Default,Corp-Admin.-Default
P100005023,C100005023,Corp Marketing,Corp Marketing
P100000001,C100000001,Corp-Admin.-Default,Corp-Admin.-Default
P100000001,C100000001,Corp-Admin.-Default,Corp-Admin.-Default
P100000001,C100000001,Corp-Admin.-Default,Corp-Admin.-Default
P100005046,C100005046,Shared Srvcs-Central Services,Shared Srvcs-Central Services
P100005023,C100005023,Corp Marketing,Corp Marketing
P100000001,C100000001,Corp-Admin.-Default,Corp-Admin.-Default
P100005018,C100005018,Dealer,Dealer
P100000001,C100000001,Corp-Admin.-Default,Corp-Admin.-Default
P100000001,C100000001,Corp-Admin.-Default,Corp-Admin.-Default
P100000001,C100000001,Corp-Admin.-Default,Corp-Admin.-Default
P100000001,C100000001,Corp-Admin.-Default,Corp-Admin.-Default
P115000001,C115000001,NEC (National Energy Corp),NEC (National Energy Corp)
P115000001,C115000001,NEC (National Energy Corp),NEC (National Energy Corp)
P115000001,C115000001,NEC (National Energy Corp),NEC (National Energy Corp)
P115000001,C115000001,NEC (National Energy Corp),NEC (National Energy Corp)
P115000001,C115000001,NEC (National Energy Corp),NEC (National Energy Corp)
P115000001,C115000001,NEC (National Energy Corp),NEC (National Energy Corp)
P100000006,C100000006,Nat'l/RCLP WH Rental,Nat'l/RCLP WH Rental
P100000007,C100000007,Nat'l/RCLP WH Rental Cost,Nat'l/RCLP WH Rental Cost
P100000006,C100000006,Nat'l/RCLP WH Rental,Nat'l/RCLP WH Rental
P100000007,C100000007,Nat'l/RCLP WH Rental Cost,Nat'l/RCLP WH Rental Cost
P100000001,C100000001,Corp-Admin.-Default,Corp-Admin.-Default
P100000001,C100000001,Corp-Admin.-Default,Corp-Admin.-Default
P100000001,C100000001,Corp-Admin.-Default,Corp-Admin.-Default
P100000001,C100000001,Corp-Admin.-Default,Corp-Admin.-Default
P100000001,C100000001,Corp-Admin.-Default,Corp-Admin.-Default
P100000001,C100000001,Corp-Admin.-Default,Corp-Admin.-Default
P100000001,C100000001,Corp-Admin.-Default,Corp-Admin.-Default
P100000001,C100000001,Corp-Admin.-Default,Corp-Admin.-Default
P100000001,C100000001,Corp-Admin.-Default,Corp-Admin.-Default
P100000001,C100000001,Corp-Admin.-Default,Corp-Admin.-Default
P100000001,C100000001,Corp-Admin.-Default,Corp-Admin.-Default
P100000001,C100000001,Corp-Admin.-Default,Corp-Admin.-Default
P100000001,C100000001,Corp-Admin.-Default,Corp-Admin.-Default
P100000001,C100000001,Corp-Admin.-Default,Corp-Admin.-Default
P100000001,C100000001,Corp-Admin.-Default,Corp-Admin.-Default
P100000001,C100000001,Corp-Admin.-Default,Corp-Admin.-Default
P100000001,C100000001,Corp-Admin.-Default,Corp-Admin.-Default
P100000001,C100000001,Corp-Admin.-Default,Corp-Admin.-Default
P100000001,C100000001,Corp-Admin.-Default,Corp-Admin.-Default
P100000001,C100000001,Corp-Admin.-Default,Corp-Admin.-Default
P100000001,C100000001,Corp-Admin.-Default,Corp-Admin.-Default
P100000001,C100000001,Corp-Admin.-Default,Corp-Admin.-Default
P100000001,C100000001,Corp-Admin.-Default,Corp-Admin.-Default
P100000001,C100000001,Corp-Admin.-Default,Corp-Admin.-Default
P100000001,C100000001,Corp-Admin.-Default,Corp-Admin.-Default
P100000001,C100000001,Corp-Admin.-Default,Corp-Admin.-Default
P100000001,C100000001,Corp-Admin.-Default,Corp-Admin.-Default
P100000001,C100000001,Corp-Admin.-Default,Corp-Admin.-Default
P100000001,C100000001,Corp-Admin.-Default,Corp-Admin.-Default
P100000001,C100000001,Corp-Admin.-Default,Corp-Admin.-Default
P100000001,C100000001,Corp-Admin.-Default,Corp-Admin.-Default
P100000001,C100000001,Corp-Admin.-Default,Corp-Admin.-Default
P100000001,C100000001,Corp-Admin.-Default,Corp-Admin.-Default
P100000001,C100000001,Corp-Admin.-Default,Corp-Admin.-Default
P100000001,C100000001,Corp-Admin.-Default,Corp-Admin.-Default
P100000001,C100000001,Corp-Admin.-Default,Corp-Admin.-Default
P100000001,C100000001,Corp-Admin.-Default,Corp-Admin.-Default
P100000001,C100000001,Corp-Admin.-Default,Corp-Admin.-Default
P100000001,C100000001,Corp-Admin.-Default,Corp-Admin.-Default
P100000001,C100000001,Corp-Admin.-Default,Corp-Admin.-Default
P100000001,C100000001,Corp-Admin.-Default,Corp-Admin.-Default
P100000001,C100000001,Corp-Admin.-Default,Corp-Admin.-Default
P100000001,C100000001,Corp-Admin.-Default,Corp-Admin.-Default
P100000001,C100000001,Corp-Admin.-Default,Corp-Admin.-Default
P100000001,C100000001,Corp-Admin.-Default,Corp-Admin.-Default
P100000001,C100000001,Corp-Admin.-Default,Corp-Admin.-Default
P100000001,C100000001,Corp-Admin.-Default,Corp-Admin.-Default
P100000001,C100000001,Corp-Admin.-Default,Corp-Admin.-Default
P100000001,C100000001,Corp-Admin.-Default,Corp-Admin.-Default
P100000001,C100000001,Corp-Admin.-Default,Corp-Admin.-Default
P100000001,C100000001,Corp-Admin.-Default,Corp-Admin.-Default
P100000001,C100000001,Corp-Admin.-Default,Corp-Admin.-Default
P100000001,C100000001,Corp-Admin.-Default,Corp-Admin.-Default
P100000001,C100000001,Corp-Admin.-Default,Corp-Admin.-Default
P100000001,C100000001,Corp-Admin.-Default,Corp-Admin.-Default
P100000001,C100000001,Corp-Admin.-Default,Corp-Admin.-Default
P100000001,C100000001,Corp-Admin.-Default,Corp-Admin.-Default
P100000001,C100000001,Corp-Admin.-Default,Corp-Admin.-Default
P100000001,C100000001,Corp-Admin.-Default,Corp-Admin.-Default
P100000001,C100000001,Corp-Admin.-Default,Corp-Admin.-Default
P100000001,C100000001,Corp-Admin.-Default,Corp-Admin.-Default
P100000001,C100000001,Corp-Admin.-Default,Corp-Admin.-Default
P100000001,C100000001,Corp-Admin.-Default,Corp-Admin.-Default
P100000001,C100000001,Corp-Admin.-Default,Corp-Admin.-Default
P100000001,C100000001,Corp-Admin.-Default,Corp-Admin.-Default
P100000001,C100000001,Corp-Admin.-Default,Corp-Admin.-Default
P100000001,C100000001,Corp-Admin.-Default,Corp-Admin.-Default
P100000001,C100000001,Corp-Admin.-Default,Corp-Admin.-Default
P100000001,C100000001,Corp-Admin.-Default,Corp-Admin.-Default
P100000001,C100000001,Corp-Admin.-Default,Corp-Admin.-Default
P100000001,C100000001,Corp-Admin.-Default,Corp-Admin.-Default
P100000001,C100000001,Corp-Admin.-Default,Corp-Admin.-Default
P100000001,C100000001,Corp-Admin.-Default,Corp-Admin.-Default
P100000001,C100000001,Corp-Admin.-Default,Corp-Admin.-Default
P100000001,C100000001,Corp-Admin.-Default,Corp-Admin.-Default
P100000001,C100000001,Corp-Admin.-Default,Corp-Admin.-Default
P100000001,C100000001,Corp-Admin.-Default,Corp-Admin.-Default
P100000001,C100000001,Corp-Admin.-Default,Corp-Admin.-Default
P100000001,C100000001,Corp-Admin.-Default,Corp-Admin.-Default
P100000001,C100000001,Corp-Admin.-Default,Corp-Admin.-Default
P100000001,C100000001,Corp-Admin.-Default,Corp-Admin.-Default
P100000001,C100000001,Corp-Admin.-Default,Corp-Admin.-Default
P100000001,C100000001,Corp-Admin.-Default,Corp-Admin.-Default
P100000001,C100000001,Corp-Admin.-Default,Corp-Admin.-Default
P100000001,C100000001,Corp-Admin.-Default,Corp-Admin.-Default
P100000001,C100000001,Corp-Admin.-Default,Corp-Admin.-Default
P100000001,C100000001,Corp-Admin.-Default,Corp-Admin.-Default
P100000001,C100000001,Corp-Admin.-Default,Corp-Admin.-Default
P100000001,C100000001,Corp-Admin.-Default,Corp-Admin.-Default
P100000001,C100000001,Corp-Admin.-Default,Corp-Admin.-Default
P100000001,C100000001,Corp-Admin.-Default,Corp-Admin.-Default
P100000001,C100000001,Corp-Admin.-Default,Corp-Admin.-Default
P100000001,C100000001,Corp-Admin.-Default,Corp-Admin.-Default
P100000001,C100000001,Corp-Admin.-Default,Corp-Admin.-Default
P100000001,C100000001,Corp-Admin.-Default,Corp-Admin.-Default
P100000001,C100000001,Corp-Admin.-Default,Corp-Admin.-Default
P100000001,C100000001,Corp-Admin.-Default,Corp-Admin.-Default
P100000001,C100000001,Corp-Admin.-Default,Corp-Admin.-Default
P100000001,C100000001,Corp-Admin.-Default,Corp-Admin.-Default
P100000001,C100000001,Corp-Admin.-Default,Corp-Admin.-Default
P100000001,C100000001,Corp-Admin.-Default,Corp-Admin.-Default
P100000001,C100000001,Corp-Admin.-Default,Corp-Admin.-Default
P100000001,C100000001,Corp-Admin.-Default,Corp-Admin.-Default
P100000001,C100000001,Corp-Admin.-Default,Corp-Admin.-Default
P100000001,C100000001,Corp-Admin.-Default,Corp-Admin.-Default
P100000001,C100000001,Corp-Admin.-Default,Corp-Admin.-Default
P100000001,C100000001,Corp-Admin.-Default,Corp-Admin.-Default
P100000001,C100000001,Corp-Admin.-Default,Corp-Admin.-Default
P100000001,C100000001,Corp-Admin.-Default,Corp-Admin.-Default
P100014020,C100014020,York - Res HVAC Sales - Sales,York - Residential HVAC Sales - Sales
P100000001,C100000001,Corp-Admin.-Default,Corp-Admin.-Default
P100000001,C100000001,Corp-Admin.-Default,Corp-Admin.-Default
P100000001,C100000001,Corp-Admin.-Default,Corp-Admin.-Default
P100000001,C100000001,Corp-Admin.-Default,Corp-Admin.-Default
P100000001,C100000001,Corp-Admin.-Default,Corp-Admin.-Default
P100000001,C100000001,Corp-Admin.-Default,Corp-Admin.-Default
P100000001,C100000001,Corp-Admin.-Default,Corp-Admin.-Default
P100000001,C100000001,Corp-Admin.-Default,Corp-Admin.-Default
P100000001,C100000001,Corp-Admin.-Default,Corp-Admin.-Default
P100000001,C100000001,Corp-Admin.-Default,Corp-Admin.-Default
P100000001,C100000001,Corp-Admin.-Default,Corp-Admin.-Default
P100000001,C100000001,Corp-Admin.-Default,Corp-Admin.-Default
P100000001,C100000001,Corp-Admin.-Default,Corp-Admin.-Default
P100000001,C100000001,Corp-Admin.-Default,Corp-Admin.-Default
P100000001,C100000001,Corp-Admin.-Default,Corp-Admin.-Default
P100000001,C100000001,Corp-Admin.-Default,Corp-Admin.-Default
P100000001,C100000001,Corp-Admin.-Default,Corp-Admin.-Default
P100000001,C100000001,Corp-Admin.-Default,Corp-Admin.-Default
P100000001,C100000001,Corp-Admin.-Default,Corp-Admin.-Default
P100000001,C100000001,Corp-Admin.-Default,Corp-Admin.-Default
P100000001,C100000001,Corp-Admin.-Default,Corp-Admin.-Default
P100000001,C100000001,Corp-Admin.-Default,Corp-Admin.-Default
P100000001,C100000001,Corp-Admin.-Default,Corp-Admin.-Default
P100000001,C100000001,Corp-Admin.-Default,Corp-Admin.-Default
P100000001,C100000001,Corp-Admin.-Default,Corp-Admin.-Default
P100000001,C100000001,Corp-Admin.-Default,Corp-Admin.-Default
P100000001,C100000001,Corp-Admin.-Default,Corp-Admin.-Default
P100000001,C100000001,Corp-Admin.-Default,Corp-Admin.-Default
P100000001,C100000001,Corp-Admin.-Default,Corp-Admin.-Default
P100000001,C100000001,Corp-Admin.-Default,Corp-Admin.-Default
P100000001,C100000001,Corp-Admin.-Default,Corp-Admin.-Default
P100000001,C100000001,Corp-Admin.-Default,Corp-Admin.-Default
P100000001,C100000001,Corp-Admin.-Default,Corp-Admin.-Default
P100000001,C100000001,Corp-Admin.-Default,Corp-Admin.-Default
P100000001,C100000001,Corp-Admin.-Default,Corp-Admin.-Default
P100000001,C100000001,Corp-Admin.-Default,Corp-Admin.-Default
P100000001,C100000001,Corp-Admin.-Default,Corp-Admin.-Default
P100000001,C100000001,Corp-Admin.-Default,Corp-Admin.-Default
P100000001,C100000001,Corp-Admin.-Default,Corp-Admin.-Default
P100000001,C100000001,Corp-Admin.-Default,Corp-Admin.-Default
P100000001,C100000001,Corp-Admin.-Default,Corp-Admin.-Default
P100000001,C100000001,Corp-Admin.-Default,Corp-Admin.-Default
P100000001,C100000001,Corp-Admin.-Default,Corp-Admin.-Default
P100000001,C100000001,Corp-Admin.-Default,Corp-Admin.-Default
P100000001,C100000001,Corp-Admin.-Default,Corp-Admin.-Default
P100000001,C100000001,Corp-Admin.-Default,Corp-Admin.-Default
P100010015,C100010015,Hamilton - Residential WH - Ops,Hamilton - Residential WH - Ops
P100000001,C100000001,Corp-Admin.-Default,Corp-Admin.-Default
P100000001,C100000001,Corp-Admin.-Default,Corp-Admin.-Default
P100000001,C100000001,Corp-Admin.-Default,Corp-Admin.-Default
P100000001,C100000001,Corp-Admin.-Default,Corp-Admin.-Default
P100000001,C100000001,Corp-Admin.-Default,Corp-Admin.-Default
P100000001,C100000001,Corp-Admin.-Default,Corp-Admin.-Default
P100000001,C100000001,Corp-Admin.-Default,Corp-Admin.-Default
P100000001,C100000001,Corp-Admin.-Default,Corp-Admin.-Default
P100000001,C100000001,Corp-Admin.-Default,Corp-Admin.-Default
P100000001,C100000001,Corp-Admin.-Default,Corp-Admin.-Default
P100000001,C100000001,Corp-Admin.-Default,Corp-Admin.-Default
P100000001,C100000001,Corp-Admin.-Default,Corp-Admin.-Default
P100000001,C100000001,Corp-Admin.-Default,Corp-Admin.-Default
P100000001,C100000001,Corp-Admin.-Default,Corp-Admin.-Default
P100000001,C100000001,Corp-Admin.-Default,Corp-Admin.-Default
P100000001,C100000001,Corp-Admin.-Default,Corp-Admin.-Default
P100000001,C100000001,Corp-Admin.-Default,Corp-Admin.-Default
P100000001,C100000001,Corp-Admin.-Default,Corp-Admin.-Default
P100025013,C100025013,Sudbury - Residential WH - RMR,Sudbury - Residential WH - RMR
P100000001,C100000001,Corp-Admin.-Default,Corp-Admin.-Default
P100000001,C100000001,Corp-Admin.-Default,Corp-Admin.-Default
P100000001,C100000001,Corp-Admin.-Default,Corp-Admin.-Default
P100000001,C100000001,Corp-Admin.-Default,Corp-Admin.-Default
P100025021,C100025021,Sudbury - Res HVAC Sales - Sales,Sudbury - Residential HVAC Sales - Sales
P100025022,C100025022,Sudbury - Res HVAC Sales - Ops,Sudbury - Residential HVAC Sales - Ops
P100000001,C100000001,Corp-Admin.-Default,Corp-Admin.-Default
P100000001,C100000001,Corp-Admin.-Default,Corp-Admin.-Default
P100000001,C100000001,Corp-Admin.-Default,Corp-Admin.-Default
P100000001,C100000001,Corp-Admin.-Default,Corp-Admin.-Default
P100000001,C100000001,Corp-Admin.-Default,Corp-Admin.-Default
P100000001,C100000001,Corp-Admin.-Default,Corp-Admin.-Default
P100000001,C100000001,Corp-Admin.-Default,Corp-Admin.-Default
P100000001,C100000001,Corp-Admin.-Default,Corp-Admin.-Default
P100025041,C100025041,Sudbury - R-Comm-Cap Costs,Sudbury - R-Comm-Cap Costs
P100000001,C100000001,Corp-Admin.-Default,Corp-Admin.-Default
P100000001,C100000001,Corp-Admin.-Default,Corp-Admin.-Default
P100000001,C100000001,Corp-Admin.-Default,Corp-Admin.-Default
P100000001,C100000001,Corp-Admin.-Default,Corp-Admin.-Default
P100000001,C100000001,Corp-Admin.-Default,Corp-Admin.-Default
P100000001,C100000001,Corp-Admin.-Default,Corp-Admin.-Default
P100000001,C100000001,Corp-Admin.-Default,Corp-Admin.-Default
P100000001,C100000001,Corp-Admin.-Default,Corp-Admin.-Default
P100000001,C100000001,Corp-Admin.-Default,Corp-Admin.-Default
P100000001,C100000001,Corp-Admin.-Default,Corp-Admin.-Default
P100000001,C100000001,Corp-Admin.-Default,Corp-Admin.-Default
P100000001,C100000001,Corp-Admin.-Default,Corp-Admin.-Default
P100000001,C100000001,Corp-Admin.-Default,Corp-Admin.-Default
P100000001,C100000001,Corp-Admin.-Default,Corp-Admin.-Default
P100000001,C100000001,Corp-Admin.-Default,Corp-Admin.-Default
P100000001,C100000001,Corp-Admin.-Default,Corp-Admin.-Default
P100000001,C100000001,Corp-Admin.-Default,Corp-Admin.-Default
P100000001,C100000001,Corp-Admin.-Default,Corp-Admin.-Default
P100000001,C100000001,Corp-Admin.-Default,Corp-Admin.-Default
P100000001,C100000001,Corp-Admin.-Default,Corp-Admin.-Default
P100000001,C100000001,Corp-Admin.-Default,Corp-Admin.-Default
P100000001,C100000001,Corp-Admin.-Default,Corp-Admin.-Default
P100000001,C100000001,Corp-Admin.-Default,Corp-Admin.-Default
P100000001,C100000001,Corp-Admin.-Default,Corp-Admin.-Default
P100000001,C100000001,Corp-Admin.-Default,Corp-Admin.-Default
P100000001,C100000001,Corp-Admin.-Default,Corp-Admin.-Default
P100000001,C100000001,Corp-Admin.-Default,Corp-Admin.-Default
P100000001,C100000001,Corp-Admin.-Default,Corp-Admin.-Default
P100000001,C100000001,Corp-Admin.-Default,Corp-Admin.-Default
P100000001,C100000001,Corp-Admin.-Default,Corp-Admin.-Default
P100000001,C100000001,Corp-Admin.-Default,Corp-Admin.-Default
P100000001,C100000001,Corp-Admin.-Default,Corp-Admin.-Default
P100000001,C100000001,Corp-Admin.-Default,Corp-Admin.-Default
P100000001,C100000001,Corp-Admin.-Default,Corp-Admin.-Default
P100000001,C100000001,Corp-Admin.-Default,Corp-Admin.-Default
P100000001,C100000001,Corp-Admin.-Default,Corp-Admin.-Default
P100000001,C100000001,Corp-Admin.-Default,Corp-Admin.-Default
P100000001,C100000001,Corp-Admin.-Default,Corp-Admin.-Default
P100000001,C100000001,Corp-Admin.-Default,Corp-Admin.-Default
P100000001,C100000001,Corp-Admin.-Default,Corp-Admin.-Default
P100000001,C100000001,Corp-Admin.-Default,Corp-Admin.-Default
P100024012,C100024012,Ottawa - FSM WH inventory only,Ottawa - FSM WH inventory only
P100024013,C100024013,Ottawa - Residential WH - RMR,Ottawa - Residential WH - RMR
P100000001,C100000001,Corp-Admin.-Default,Corp-Admin.-Default
P100000001,C100000001,Corp-Admin.-Default,Corp-Admin.-Default
P100000001,C100000001,Corp-Admin.-Default,Corp-Admin.-Default
P100000001,C100000001,Corp-Admin.-Default,Corp-Admin.-Default
P100000001,C100000001,Corp-Admin.-Default,Corp-Admin.-Default
P100000001,C100000001,Corp-Admin.-Default,Corp-Admin.-Default
P100000001,C100000001,Corp-Admin.-Default,Corp-Admin.-Default
P100000001,C100000001,Corp-Admin.-Default,Corp-Admin.-Default
P100000001,C100000001,Corp-Admin.-Default,Corp-Admin.-Default
P100000001,C100000001,Corp-Admin.-Default,Corp-Admin.-Default
P100000001,C100000001,Corp-Admin.-Default,Corp-Admin.-Default
P100000001,C100000001,Corp-Admin.-Default,Corp-Admin.-Default
P100000001,C100000001,Corp-Admin.-Default,Corp-Admin.-Default
P100000001,C100000001,Corp-Admin.-Default,Corp-Admin.-Default
P100000001,C100000001,Corp-Admin.-Default,Corp-Admin.-Default
P100000001,C100000001,Corp-Admin.-Default,Corp-Admin.-Default
P100000001,C100000001,Corp-Admin.-Default,Corp-Admin.-Default
P100000001,C100000001,Corp-Admin.-Default,Corp-Admin.-Default
P100000001,C100000001,Corp-Admin.-Default,Corp-Admin.-Default
P100000001,C100000001,Corp-Admin.-Default,Corp-Admin.-Default
P100000001,C100000001,Corp-Admin.-Default,Corp-Admin.-Default
P100000001,C100000001,Corp-Admin.-Default,Corp-Admin.-Default
P100000001,C100000001,Corp-Admin.-Default,Corp-Admin.-Default
P100000001,C100000001,Corp-Admin.-Default,Corp-Admin.-Default
P100000001,C100000001,Corp-Admin.-Default,Corp-Admin.-Default
P100000001,C100000001,Corp-Admin.-Default,Corp-Admin.-Default
P100000001,C100000001,Corp-Admin.-Default,Corp-Admin.-Default
P100000001,C100000001,Corp-Admin.-Default,Corp-Admin.-Default
P100000001,C100000001,Corp-Admin.-Default,Corp-Admin.-Default
P100000001,C100000001,Corp-Admin.-Default,Corp-Admin.-Default
P100000001,C100000001,Corp-Admin.-Default,Corp-Admin.-Default
P100000001,C100000001,Corp-Admin.-Default,Corp-Admin.-Default
P100000001,C100000001,Corp-Admin.-Default,Corp-Admin.-Default
P100000001,C100000001,Corp-Admin.-Default,Corp-Admin.-Default
P100000001,C100000001,Corp-Admin.-Default,Corp-Admin.-Default
P100000001,C100000001,Corp-Admin.-Default,Corp-Admin.-Default
P100000001,C100000001,Corp-Admin.-Default,Corp-Admin.-Default
P100000001,C100000001,Corp-Admin.-Default,Corp-Admin.-Default
P100000001,C100000001,Corp-Admin.-Default,Corp-Admin.-Default
P100000001,C100000001,Corp-Admin.-Default,Corp-Admin.-Default
P100000001,C100000001,Corp-Admin.-Default,Corp-Admin.-Default
P100012010,C100012010,Niagara - Residential WH - RMR,Niagara - Residential WH - RMR
P100000001,C100000001,Corp-Admin.-Default,Corp-Admin.-Default
P100000001,C100000001,Corp-Admin.-Default,Corp-Admin.-Default
P100000001,C100000001,Corp-Admin.-Default,Corp-Admin.-Default
P100000001,C100000001,Corp-Admin.-Default,Corp-Admin.-Default
P100000001,C100000001,Corp-Admin.-Default,Corp-Admin.-Default
P100000001,C100000001,Corp-Admin.-Default,Corp-Admin.-Default
P100000001,C100000001,Corp-Admin.-Default,Corp-Admin.-Default
P100000001,C100000001,Corp-Admin.-Default,Corp-Admin.-Default
P100000001,C100000001,Corp-Admin.-Default,Corp-Admin.-Default
P100000001,C100000001,Corp-Admin.-Default,Corp-Admin.-Default
P100000001,C100000001,Corp-Admin.-Default,Corp-Admin.-Default
P100000001,C100000001,Corp-Admin.-Default,Corp-Admin.-Default
P100000001,C100000001,Corp-Admin.-Default,Corp-Admin.-Default
P100013011,C100013011,Toronto - Vent Replacement - Ops,Toronto - Vent Replacement - Ops
P100013013,C100013013,Toronto - Residential WH - RMR,Toronto - Residential WH - RMR
P100013014,C100013014,Toronto - Residential WH - Ops,Toronto - Residential WH - Ops
P100000001,C100000001,Corp-Admin.-Default,Corp-Admin.-Default
P100000001,C100000001,Corp-Admin.-Default,Corp-Admin.-Default
P100000001,C100000001,Corp-Admin.-Default,Corp-Admin.-Default
P100013021,C100013021,Toronto - Res HVAC Sales - Sales,Toronto - Residential HVAC Sales - Sales
P100013022,C100013022,Toronto - Res HVAC Sales - Ops,Toronto - Residential HVAC Sales - Ops
P100013025,C100013025,Toronto - Rent Furnace Cap Costs,Toronto - Rent Furnace Cap Costs
P100013026,C100013026,Toronto - Tankless Waterheaters,Toronto - Tankless Waterheaters
P100013078,C100013078,Toronto - Rent Special Capitalization,Toronto - Rent Special Capitalization
P100013031,C100013031,Toronto - RHVAC Install Expense,Toronto - RHVAC Install Expense
P100000001,C100000001,Corp-Admin.-Default,Corp-Admin.-Default
P100000001,C100000001,Corp-Admin.-Default,Corp-Admin.-Default
P100000001,C100000001,Corp-Admin.-Default,Corp-Admin.-Default
P100000001,C100000001,Corp-Admin.-Default,Corp-Admin.-Default
P100000001,C100000001,Corp-Admin.-Default,Corp-Admin.-Default
P100013069,C100013069,Toronto - R-Comm-Cap Costs,Toronto - R-Comm-Cap Costs
P100000001,C100000001,Corp-Admin.-Default,Corp-Admin.-Default
P100000001,C100000001,Corp-Admin.-Default,Corp-Admin.-Default
P100000001,C100000001,Corp-Admin.-Default,Corp-Admin.-Default
P100000001,C100000001,Corp-Admin.-Default,Corp-Admin.-Default
P100000001,C100000001,Corp-Admin.-Default,Corp-Admin.-Default
P100000001,C100000001,Corp-Admin.-Default,Corp-Admin.-Default
P100000001,C100000001,Corp-Admin.-Default,Corp-Admin.-Default
P100000001,C100000001,Corp-Admin.-Default,Corp-Admin.-Default
P100000001,C100000001,Corp-Admin.-Default,Corp-Admin.-Default
P100000001,C100000001,Corp-Admin.-Default,Corp-Admin.-Default
P100000001,C100000001,Corp-Admin.-Default,Corp-Admin.-Default
P100000001,C100000001,Corp-Admin.-Default,Corp-Admin.-Default
P100000001,C100000001,Corp-Admin.-Default,Corp-Admin.-Default
P100000001,C100000001,Corp-Admin.-Default,Corp-Admin.-Default
P100000001,C100000001,Corp-Admin.-Default,Corp-Admin.-Default
P100000001,C100000001,Corp-Admin.-Default,Corp-Admin.-Default
P100000001,C100000001,Corp-Admin.-Default,Corp-Admin.-Default
P100000001,C100000001,Corp-Admin.-Default,Corp-Admin.-Default
P100000001,C100000001,Corp-Admin.-Default,Corp-Admin.-Default
P100000001,C100000001,Corp-Admin.-Default,Corp-Admin.-Default
P100000001,C100000001,Corp-Admin.-Default,Corp-Admin.-Default
P100000001,C100000001,Corp-Admin.-Default,Corp-Admin.-Default
P100000001,C100000001,Corp-Admin.-Default,Corp-Admin.-Default
P100000001,C100000001,Corp-Admin.-Default,Corp-Admin.-Default
P100000001,C100000001,Corp-Admin.-Default,Corp-Admin.-Default
P100000001,C100000001,Corp-Admin.-Default,Corp-Admin.-Default
P100000001,C100000001,Corp-Admin.-Default,Corp-Admin.-Default
P100000001,C100000001,Corp-Admin.-Default,Corp-Admin.-Default
P100000001,C100000001,Corp-Admin.-Default,Corp-Admin.-Default
P100000001,C100000001,Corp-Admin.-Default,Corp-Admin.-Default
P100000001,C100000001,Corp-Admin.-Default,Corp-Admin.-Default
P100000001,C100000001,Corp-Admin.-Default,Corp-Admin.-Default
P100000001,C100000001,Corp-Admin.-Default,Corp-Admin.-Default
P100000001,C100000001,Corp-Admin.-Default,Corp-Admin.-Default
P100000001,C100000001,Corp-Admin.-Default,Corp-Admin.-Default
P100000001,C100000001,Corp-Admin.-Default,Corp-Admin.-Default
P100000001,C100000001,Corp-Admin.-Default,Corp-Admin.-Default
P100000001,C100000001,Corp-Admin.-Default,Corp-Admin.-Default
P100000001,C100000001,Corp-Admin.-Default,Corp-Admin.-Default
P100005048,C100005048,SAP - Project Edison,SAP - Project Edison
P100005048,C100005048,SAP - Project Edison,SAP - Project Edison
P100005048,C100005048,SAP - Project Edison,SAP - Project Edison
P100005048,C100005048,SAP - Project Edison,SAP - Project Edison
P100005048,C100005048,SAP - Project Edison,SAP - Project Edison
P100005048,C100005048,SAP - Project Edison,SAP - Project Edison
P100005048,C100005048,SAP - Project Edison,SAP - Project Edison
P100005048,C100005048,SAP - Project Edison,SAP - Project Edison
P100005048,C100005048,SAP - Project Edison,SAP - Project Edison
P100005048,C100005048,SAP - Project Edison,SAP - Project Edison
P100005048,C100005048,SAP - Project Edison,SAP - Project Edison
P199900001,C199900001,Canco Elim,Canco Elim
P119900001,C119900001,Reliance LP Elim,Reliance LP Elim
P190000001,C190000001,Canco,Canco
P100000001,C100000001,Corp-Admin.-Default,Corp-Admin.-Default
P100000001,C100000001,Corp-Admin.-Default,Corp-Admin.-Default
P100027025,C100027025,Barrie - New Home Const - Ops,Barrie - New Home Const - Ops
P100031025,C100031025,Winnipeg - New Home Const - Ops,Winnipeg - New Home Const - Ops
P100034024,C100034024,Saskatoon - New Home Const - Ops,Saskatoon - New Home Const - Ops
